outreach_status,County,Organization,Type,Phone,Email,Address,Website,Who to talk to / contact,Source URL,Notes,Priority,Suggested Contact,Personalized Outreach Angle,Email Draft,Recommended Outreach Channel,Follow-up Timing,Organization Segment,Likely Animal-Welfare Pain Point,VolunteerReady Feature Fit,Best Plan / Pricing Angle,Tailored Subject Line,Tailored Email Draft,Short Phone Script,LinkedIn/DM Blurb
ready,Stanislaus,Stanislaus Animal Services Agency,municipal/county shelter,(209) 558-PETS; adoption (209) 567-4661; volunteer coordinator (209) 567-4662; community cat (209) 501-3005,RESCUE@STANCOUNTY.COM,"3647 Cornucopia Way, Modesto, CA 95358",https://www.stanislausanimalservices.com/,Volunteer Program Coordinator; Rescue Partner Coordinator; Adoption contact,https://www.stanislausanimalservices.com/; https://www.stanislausanimalservices.com/pdf/contactus.pdf,Names not listed publicly,High,Volunteer Program Coordinator; Rescue Partner Coordinator; Adoption contact,"Position the app as a way to reduce staff admin time by organizing volunteers, fosters, event help, transport, and rescue-partner coordination in one place.","Hi there,

I’m reaching out because I’m building a nonprofit volunteer management app and thought it could be useful for Stanislaus Animal Services Agency. The goal is to help animal welfare organizations manage volunteers, fosters, tasks, shifts, events, and follow-up without adding more admin work.

For your team, I think the strongest fit may be: Position the app as a way to reduce staff admin time by organizing volunteers, fosters, event help, transport, and rescue-partner coordination in one place.

Would you be open to a quick 15-minute conversation? I’d love to learn how you currently coordinate volunteers and see whether an early version of the app could help.

Thank you for the work you do for animals in the community.

Best,
Jason",Email first; call after 3-5 business days if no response,Follow up once after 3-5 business days; second follow-up after 10-14 days if strong fit,Municipal/county shelter,"High-volume volunteer, foster, rescue-partner coordination, applications buried in inboxes, shift scheduling, documentation, and background-check tracking.","Application queue, auto-scored screening, foster/rescue-team workflows, shift capacity, attendance, audit logs, and Pro background-check/export features.","Lead with founder-led free setup; mention Pro if they need background checks, CSV exports, ESG/reporting, or unlimited opportunities.",Quick idea to reduce volunteer intake/admin time at Stanislaus Animal Services Agency,"Subject: Quick idea to reduce volunteer intake/admin time at Stanislaus Animal Services Agency

Hi there,

I’m Jason, the founder of VolunteerReady. I’m reaching out because Stanislaus Animal Services Agency looks like the kind of animal welfare organization we’re building for.

VolunteerReady helps nonprofits recruit, screen, schedule, and manage volunteers from one place — instead of juggling spreadsheets, shared inboxes, sign-up sheets, and group texts. Your nonprofit page pain points line up closely with animal welfare teams: volunteers who sign up and don’t show, screening/documentation requirements, and staff time lost to coordination.

For a municipal/county shelter, the use case I’d want to explore is: Application queue, auto-scored screening, foster/rescue-team workflows, shift capacity, attendance, audit logs, and Pro background-check/export features.

There’s a free plan, no credit card required, and I personally help organizations get set up. It includes custom screening forms, shift scheduling, attendance tracking, audit logging, and portable volunteer credentials.

Would you be open to a quick 15-minute call? I’d love to learn how you currently manage volunteers/fosters and see whether VolunteerReady could save your team time.

Thank you for the work you do for animals in the community.

Best,
Jason
https://www.volunteerready.org/for/nonprofits","Hi, this is Jason with VolunteerReady. I’m building a volunteer management platform for nonprofits and animal welfare teams. Who would be the best person to speak with about volunteer, foster, or adoption-event coordination? I’d like to offer a free setup and get feedback from organizations like Stanislaus Animal Services Agency.","Hi — I’m Jason, founder of VolunteerReady. We help nonprofits manage volunteer intake, screening, shifts, attendance, audit-ready records, and credentials. I’m talking with animal welfare organizations to learn how teams like Stanislaus Animal Services Agency coordinate volunteers/fosters. Open to a quick 15-minute chat?"
ready,Stanislaus,City of Turlock Animal Services / Animal Shelter,municipal shelter,(209) 656-3140; emergency/aggressive/sick/injured animals via Turlock Police (209) 668-1200,animalservices@turlock.ca.us,"801 S. Walnut, Turlock, CA",https://www.turlock.ca.us/animalservices/,Animal Services Unit / shelter staff,https://www.turlock.ca.us/animalservices/,Specific person unknown,High,Animal Services Unit / shelter staff,"Position the app as a way to reduce staff admin time by organizing volunteers, fosters, event help, transport, and rescue-partner coordination in one place.","Hi there,

I’m reaching out because I’m building a nonprofit volunteer management app and thought it could be useful for City of Turlock Animal Services / Animal Shelter. The goal is to help animal welfare organizations manage volunteers, fosters, tasks, shifts, events, and follow-up without adding more admin work.

For your team, I think the strongest fit may be: Position the app as a way to reduce staff admin time by organizing volunteers, fosters, event help, transport, and rescue-partner coordination in one place.

Would you be open to a quick 15-minute conversation? I’d love to learn how you currently coordinate volunteers and see whether an early version of the app could help.

Thank you for the work you do for animals in the community.

Best,
Jason",Email first; call after 3-5 business days if no response,Follow up once after 3-5 business days; second follow-up after 10-14 days if strong fit,Municipal/county shelter,"High-volume volunteer, foster, rescue-partner coordination, applications buried in inboxes, shift scheduling, documentation, and background-check tracking.","Application queue, auto-scored screening, foster/rescue-team workflows, shift capacity, attendance, audit logs, and Pro background-check/export features.","Lead with founder-led free setup; mention Pro if they need background checks, CSV exports, ESG/reporting, or unlimited opportunities.",Quick idea to reduce volunteer intake/admin time at City of Turlock Animal Services / Animal Shelter,"Subject: Quick idea to reduce volunteer intake/admin time at City of Turlock Animal Services / Animal Shelter

Hi there,

I’m Jason, the founder of VolunteerReady. I’m reaching out because City of Turlock Animal Services / Animal Shelter looks like the kind of animal welfare organization we’re building for.

VolunteerReady helps nonprofits recruit, screen, schedule, and manage volunteers from one place — instead of juggling spreadsheets, shared inboxes, sign-up sheets, and group texts. Your nonprofit page pain points line up closely with animal welfare teams: volunteers who sign up and don’t show, screening/documentation requirements, and staff time lost to coordination.

For a municipal/county shelter, the use case I’d want to explore is: Application queue, auto-scored screening, foster/rescue-team workflows, shift capacity, attendance, audit logs, and Pro background-check/export features.

There’s a free plan, no credit card required, and I personally help organizations get set up. It includes custom screening forms, shift scheduling, attendance tracking, audit logging, and portable volunteer credentials.

Would you be open to a quick 15-minute call? I’d love to learn how you currently manage volunteers/fosters and see whether VolunteerReady could save your team time.

Thank you for the work you do for animals in the community.

Best,
Jason
https://www.volunteerready.org/for/nonprofits","Hi, this is Jason with VolunteerReady. I’m building a volunteer management platform for nonprofits and animal welfare teams. Who would be the best person to speak with about volunteer, foster, or adoption-event coordination? I’d like to offer a free setup and get feedback from organizations like City of Turlock Animal Services / Animal Shelter.","Hi — I’m Jason, founder of VolunteerReady. We help nonprofits manage volunteer intake, screening, shifts, attendance, audit-ready records, and credentials. I’m talking with animal welfare organizations to learn how teams like City of Turlock Animal Services / Animal Shelter coordinate volunteers/fosters. Open to a quick 15-minute chat?"
skip_no_email,Stanislaus,Oakdale Animal Services / Oakdale Animal Shelter,municipal shelter,Animal Shelter Desk (209) 845-3642; Oakdale Police Dept/dispatch (209) 847-2231; fax (209) 848-4632,unknown,"9800 Liberini Road, Oakdale, CA 95361",https://www.oakdalegov.com/animal-services,Animal Shelter Desk,https://www.oakdalegov.com/animal-services,Specific person unknown,High,Animal Shelter Desk,"Position the app as a way to reduce staff admin time by organizing volunteers, fosters, event help, transport, and rescue-partner coordination in one place.","Hi there,

I’m reaching out because I’m building a nonprofit volunteer management app and thought it could be useful for Oakdale Animal Services / Oakdale Animal Shelter. The goal is to help animal welfare organizations manage volunteers, fosters, tasks, shifts, events, and follow-up without adding more admin work.

For your team, I think the strongest fit may be: Position the app as a way to reduce staff admin time by organizing volunteers, fosters, event help, transport, and rescue-partner coordination in one place.

Would you be open to a quick 15-minute conversation? I’d love to learn how you currently coordinate volunteers and see whether an early version of the app could help.

Thank you for the work you do for animals in the community.

Best,
Jason",Phone first; ask for volunteer/foster/rescue coordinator email,Follow up once after 3-5 business days; second follow-up after 10-14 days if strong fit,Municipal/county shelter,"High-volume volunteer, foster, rescue-partner coordination, applications buried in inboxes, shift scheduling, documentation, and background-check tracking.","Application queue, auto-scored screening, foster/rescue-team workflows, shift capacity, attendance, audit logs, and Pro background-check/export features.","Lead with founder-led free setup; mention Pro if they need background checks, CSV exports, ESG/reporting, or unlimited opportunities.",Quick idea to reduce volunteer intake/admin time at Oakdale Animal Services / Oakdale Animal Shelter,"Subject: Quick idea to reduce volunteer intake/admin time at Oakdale Animal Services / Oakdale Animal Shelter

Hi there,

I’m Jason, the founder of VolunteerReady. I’m reaching out because Oakdale Animal Services / Oakdale Animal Shelter looks like the kind of animal welfare organization we’re building for.

VolunteerReady helps nonprofits recruit, screen, schedule, and manage volunteers from one place — instead of juggling spreadsheets, shared inboxes, sign-up sheets, and group texts. Your nonprofit page pain points line up closely with animal welfare teams: volunteers who sign up and don’t show, screening/documentation requirements, and staff time lost to coordination.

For a municipal/county shelter, the use case I’d want to explore is: Application queue, auto-scored screening, foster/rescue-team workflows, shift capacity, attendance, audit logs, and Pro background-check/export features.

There’s a free plan, no credit card required, and I personally help organizations get set up. It includes custom screening forms, shift scheduling, attendance tracking, audit logging, and portable volunteer credentials.

Would you be open to a quick 15-minute call? I’d love to learn how you currently manage volunteers/fosters and see whether VolunteerReady could save your team time.

Thank you for the work you do for animals in the community.

Best,
Jason
https://www.volunteerready.org/for/nonprofits","Hi, this is Jason with VolunteerReady. I’m building a volunteer management platform for nonprofits and animal welfare teams. Who would be the best person to speak with about volunteer, foster, or adoption-event coordination? I’d like to offer a free setup and get feedback from organizations like Oakdale Animal Services / Oakdale Animal Shelter.","Hi — I’m Jason, founder of VolunteerReady. We help nonprofits manage volunteer intake, screening, shifts, attendance, audit-ready records, and credentials. I’m talking with animal welfare organizations to learn how teams like Oakdale Animal Services / Oakdale Animal Shelter coordinate volunteers/fosters. Open to a quick 15-minute chat?"
ready,Stanislaus,ASTRO Foundation,nonprofit rescue/adoption center,Adoption Center (209) 604-2649; Thrift & Gift Shop (209) 605-8100,info@astrofoundation.org,"Adoption Center: 20 S. Stearns Rd., Oakdale, CA 95361; Thrift & Gift: 250 East E. St., Oakdale, CA 95361",https://www.astrofoundation.org/,Adoption Center / general info contact,https://www.astrofoundation.org/,Specific person unknown,Medium,Adoption Center / general info contact,"Emphasize foster/volunteer scheduling, onboarding, communication, and keeping small teams coordinated without spreadsheets or message-thread chaos.","Hi there,

I’m reaching out because I’m building a nonprofit volunteer management app and thought it could be useful for ASTRO Foundation. The goal is to help animal welfare organizations manage volunteers, fosters, tasks, shifts, events, and follow-up without adding more admin work.

For your team, I think the strongest fit may be: Emphasize foster/volunteer scheduling, onboarding, communication, and keeping small teams coordinated without spreadsheets or message-thread chaos.

Would you be open to a quick 15-minute conversation? I’d love to learn how you currently coordinate volunteers and see whether an early version of the app could help.

Thank you for the work you do for animals in the community.

Best,
Jason",Email first; call after 3-5 business days if no response,Follow up once after 3-5 business days; second follow-up after 10-14 days if strong fit,Animal rescue / foster network,"Volunteer intake, scheduling, coordination, screening records, and simple reports without spreadsheets.","Replacing spreadsheets and group texts with structured volunteer intake, scheduling, and credential tracking.","Lead with Free plan/no credit card; position Starter/Pro only if they need more than 3 opportunities, matching, background checks, or exports.",Volunteer management support for ASTRO Foundation,"Subject: Volunteer management support for ASTRO Foundation

Hi there,

I’m Jason, the founder of VolunteerReady. I’m reaching out because ASTRO Foundation looks like the kind of animal welfare organization we’re building for.

VolunteerReady helps nonprofits recruit, screen, schedule, and manage volunteers from one place — instead of juggling spreadsheets, shared inboxes, sign-up sheets, and group texts. Your nonprofit page pain points line up closely with animal welfare teams: volunteers who sign up and don’t show, screening/documentation requirements, and staff time lost to coordination.

For a animal rescue / foster network, the use case I’d want to explore is: Replacing spreadsheets and group texts with structured volunteer intake, scheduling, and credential tracking.

There’s a free plan, no credit card required, and I personally help organizations get set up. It includes custom screening forms, shift scheduling, attendance tracking, audit logging, and portable volunteer credentials.

Would you be open to a quick 15-minute call? I’d love to learn how you currently manage volunteers/fosters and see whether VolunteerReady could save your team time.

Thank you for the work you do for animals in the community.

Best,
Jason
https://www.volunteerready.org/for/nonprofits","Hi, this is Jason with VolunteerReady. I’m building a volunteer management platform for nonprofits and animal welfare teams. Who would be the best person to speak with about volunteer, foster, or adoption-event coordination? I’d like to offer a free setup and get feedback from organizations like ASTRO Foundation.","Hi — I’m Jason, founder of VolunteerReady. We help nonprofits manage volunteer intake, screening, shifts, attendance, audit-ready records, and credentials. I’m talking with animal welfare organizations to learn how teams like ASTRO Foundation coordinate volunteers/fosters. Open to a quick 15-minute chat?"
ready,Stanislaus,Saving Lives Animal Rescue of Stanislaus County,nonprofit foster-based rescue,(209) 791-DOGS / (209) 791-3647,Slarescue@yahoo.com,unknown,https://savinglivesanimalrescue.com/,General contact; volunteer inquiries through contact form/email,https://savinglivesanimalrescue.com/contact-us,Physical/mailing address not found,High,General contact; volunteer inquiries through contact form/email,"Emphasize foster/volunteer scheduling, onboarding, communication, and keeping small teams coordinated without spreadsheets or message-thread chaos.","Hi there,

I’m reaching out because I’m building a nonprofit volunteer management app and thought it could be useful for Saving Lives Animal Rescue of Stanislaus County. The goal is to help animal welfare organizations manage volunteers, fosters, tasks, shifts, events, and follow-up without adding more admin work.

For your team, I think the strongest fit may be: Emphasize foster/volunteer scheduling, onboarding, communication, and keeping small teams coordinated without spreadsheets or message-thread chaos.

Would you be open to a quick 15-minute conversation? I’d love to learn how you currently coordinate volunteers and see whether an early version of the app could help.

Thank you for the work you do for animals in the community.

Best,
Jason",Email first; call after 3-5 business days if no response,Follow up once after 3-5 business days; second follow-up after 10-14 days if strong fit,Animal rescue / foster network,"Volunteer intake, scheduling, coordination, screening records, and simple reports without spreadsheets.","Replacing spreadsheets and group texts with structured volunteer intake, scheduling, and credential tracking.","Lead with Free plan/no credit card; position Starter/Pro only if they need more than 3 opportunities, matching, background checks, or exports.",Volunteer management support for Saving Lives Animal Rescue of Stanislaus County,"Subject: Volunteer management support for Saving Lives Animal Rescue of Stanislaus County

Hi there,

I’m Jason, the founder of VolunteerReady. I’m reaching out because Saving Lives Animal Rescue of Stanislaus County looks like the kind of animal welfare organization we’re building for.

VolunteerReady helps nonprofits recruit, screen, schedule, and manage volunteers from one place — instead of juggling spreadsheets, shared inboxes, sign-up sheets, and group texts. Your nonprofit page pain points line up closely with animal welfare teams: volunteers who sign up and don’t show, screening/documentation requirements, and staff time lost to coordination.

For a animal rescue / foster network, the use case I’d want to explore is: Replacing spreadsheets and group texts with structured volunteer intake, scheduling, and credential tracking.

There’s a free plan, no credit card required, and I personally help organizations get set up. It includes custom screening forms, shift scheduling, attendance tracking, audit logging, and portable volunteer credentials.

Would you be open to a quick 15-minute call? I’d love to learn how you currently manage volunteers/fosters and see whether VolunteerReady could save your team time.

Thank you for the work you do for animals in the community.

Best,
Jason
https://www.volunteerready.org/for/nonprofits","Hi, this is Jason with VolunteerReady. I’m building a volunteer management platform for nonprofits and animal welfare teams. Who would be the best person to speak with about volunteer, foster, or adoption-event coordination? I’d like to offer a free setup and get feedback from organizations like Saving Lives Animal Rescue of Stanislaus County.","Hi — I’m Jason, founder of VolunteerReady. We help nonprofits manage volunteer intake, screening, shifts, attendance, audit-ready records, and credentials. I’m talking with animal welfare organizations to learn how teams like Saving Lives Animal Rescue of Stanislaus County coordinate volunteers/fosters. Open to a quick 15-minute chat?"
ready,Stanislaus,Kate's Furreka Rescue,nonprofit rescue,209.410.3620,foundlove@kfrescue.com,"P.O. Box 3643, Turlock, CA 95380",https://kfrescue.com/,Administration & Marketing contact,https://kfrescue.com/contact/,Specific person unknown,Medium,Administration & Marketing contact,"Emphasize foster/volunteer scheduling, onboarding, communication, and keeping small teams coordinated without spreadsheets or message-thread chaos.","Hi there,

I’m reaching out because I’m building a nonprofit volunteer management app and thought it could be useful for Kate's Furreka Rescue. The goal is to help animal welfare organizations manage volunteers, fosters, tasks, shifts, events, and follow-up without adding more admin work.

For your team, I think the strongest fit may be: Emphasize foster/volunteer scheduling, onboarding, communication, and keeping small teams coordinated without spreadsheets or message-thread chaos.

Would you be open to a quick 15-minute conversation? I’d love to learn how you currently coordinate volunteers and see whether an early version of the app could help.

Thank you for the work you do for animals in the community.

Best,
Jason",Email first; call after 3-5 business days if no response,Follow up once after 3-5 business days; second follow-up after 10-14 days if strong fit,Animal rescue / foster network,"Volunteer intake, scheduling, coordination, screening records, and simple reports without spreadsheets.","Replacing spreadsheets and group texts with structured volunteer intake, scheduling, and credential tracking.","Lead with Free plan/no credit card; position Starter/Pro only if they need more than 3 opportunities, matching, background checks, or exports.",Volunteer management support for Kate's Furreka Rescue,"Subject: Volunteer management support for Kate's Furreka Rescue

Hi there,

I’m Jason, the founder of VolunteerReady. I’m reaching out because Kate's Furreka Rescue looks like the kind of animal welfare organization we’re building for.

VolunteerReady helps nonprofits recruit, screen, schedule, and manage volunteers from one place — instead of juggling spreadsheets, shared inboxes, sign-up sheets, and group texts. Your nonprofit page pain points line up closely with animal welfare teams: volunteers who sign up and don’t show, screening/documentation requirements, and staff time lost to coordination.

For a animal rescue / foster network, the use case I’d want to explore is: Replacing spreadsheets and group texts with structured volunteer intake, scheduling, and credential tracking.

There’s a free plan, no credit card required, and I personally help organizations get set up. It includes custom screening forms, shift scheduling, attendance tracking, audit logging, and portable volunteer credentials.

Would you be open to a quick 15-minute call? I’d love to learn how you currently manage volunteers/fosters and see whether VolunteerReady could save your team time.

Thank you for the work you do for animals in the community.

Best,
Jason
https://www.volunteerready.org/for/nonprofits","Hi, this is Jason with VolunteerReady. I’m building a volunteer management platform for nonprofits and animal welfare teams. Who would be the best person to speak with about volunteer, foster, or adoption-event coordination? I’d like to offer a free setup and get feedback from organizations like Kate's Furreka Rescue.","Hi — I’m Jason, founder of VolunteerReady. We help nonprofits manage volunteer intake, screening, shifts, attendance, audit-ready records, and credentials. I’m talking with animal welfare organizations to learn how teams like Kate's Furreka Rescue coordinate volunteers/fosters. Open to a quick 15-minute chat?"
ready,Stanislaus,Humane Society of Stanislaus County,nonprofit animal welfare/rescue/community outreach,(209) 550-7387 from 2-1-1/iCarol directory; official Wix site did not show phone,officer@humanesocietystanislaus.org; directory: info@HumaneStanislaus.care,"Official site mailing: 4120 Dale Rd., Ste J-8 #255, Modesto, CA 95356; directory: 1620 N Carpenter Road, Modesto, CA 95358; mailing PO Box 582802, Modesto, CA 95358",https://humanestanislaus.wixsite.com/humane-stanislaus,Officer/general info,https://humanestanislaus.wixsite.com/humane-stanislaus; https://www.icarol.info/ResourceView2.aspx?org=2289&agencynum=39599698,Conflicting/currentness signals between official Wix and directory,Medium,Officer/general info,"Emphasize foster/volunteer scheduling, onboarding, communication, and keeping small teams coordinated without spreadsheets or message-thread chaos.","Hi there,

I’m reaching out because I’m building a nonprofit volunteer management app and thought it could be useful for Humane Society of Stanislaus County. The goal is to help animal welfare organizations manage volunteers, fosters, tasks, shifts, events, and follow-up without adding more admin work.

For your team, I think the strongest fit may be: Emphasize foster/volunteer scheduling, onboarding, communication, and keeping small teams coordinated without spreadsheets or message-thread chaos.

Would you be open to a quick 15-minute conversation? I’d love to learn how you currently coordinate volunteers and see whether an early version of the app could help.

Thank you for the work you do for animals in the community.

Best,
Jason",Email first; call after 3-5 business days if no response,Follow up once after 3-5 business days; second follow-up after 10-14 days if strong fit,Nonprofit shelter / humane society,"Volunteer intake, adoption-event staffing, foster coordination, training/credential tracking, and funder/board-ready reports.","Volunteer applications, custom screening questions, adoption-event shifts, attendance, training credentials, and grant-ready reporting.","Lead with founder-led free setup; mention Pro if they need background checks, CSV exports, ESG/reporting, or unlimited opportunities.",Volunteer management support for Humane Society of Stanislaus County,"Subject: Volunteer management support for Humane Society of Stanislaus County

Hi there,

I’m Jason, the founder of VolunteerReady. I’m reaching out because Humane Society of Stanislaus County looks like the kind of animal welfare organization we’re building for.

VolunteerReady helps nonprofits recruit, screen, schedule, and manage volunteers from one place — instead of juggling spreadsheets, shared inboxes, sign-up sheets, and group texts. Your nonprofit page pain points line up closely with animal welfare teams: volunteers who sign up and don’t show, screening/documentation requirements, and staff time lost to coordination.

For a nonprofit shelter / humane society, the use case I’d want to explore is: Volunteer applications, custom screening questions, adoption-event shifts, attendance, training credentials, and grant-ready reporting.

There’s a free plan, no credit card required, and I personally help organizations get set up. It includes custom screening forms, shift scheduling, attendance tracking, audit logging, and portable volunteer credentials.

Would you be open to a quick 15-minute call? I’d love to learn how you currently manage volunteers/fosters and see whether VolunteerReady could save your team time.

Thank you for the work you do for animals in the community.

Best,
Jason
https://www.volunteerready.org/for/nonprofits","Hi, this is Jason with VolunteerReady. I’m building a volunteer management platform for nonprofits and animal welfare teams. Who would be the best person to speak with about volunteer, foster, or adoption-event coordination? I’d like to offer a free setup and get feedback from organizations like Humane Society of Stanislaus County.","Hi — I’m Jason, founder of VolunteerReady. We help nonprofits manage volunteer intake, screening, shifts, attendance, audit-ready records, and credentials. I’m talking with animal welfare organizations to learn how teams like Humane Society of Stanislaus County coordinate volunteers/fosters. Open to a quick 15-minute chat?"
skip_no_email,Stanislaus,"Westside Animals for Adoption, Inc.",nonprofit rescue/shelter directory listing,(209) 892-3114,unknown,"2631 Olive Ave, Patterson, CA 95363",westsideanimalsforadoption.com,Specific person unknown,https://mycritters.com/westside_animals_for_adoption_inc_95363,Lower-confidence candidate; website did not resolve during check,High,Specific person unknown,"Emphasize foster/volunteer scheduling, onboarding, communication, and keeping small teams coordinated without spreadsheets or message-thread chaos.","Hi there,

I’m reaching out because I’m building a nonprofit volunteer management app and thought it could be useful for Westside Animals for Adoption, Inc.. The goal is to help animal welfare organizations manage volunteers, fosters, tasks, shifts, events, and follow-up without adding more admin work.

For your team, I think the strongest fit may be: Emphasize foster/volunteer scheduling, onboarding, communication, and keeping small teams coordinated without spreadsheets or message-thread chaos.

Would you be open to a quick 15-minute conversation? I’d love to learn how you currently coordinate volunteers and see whether an early version of the app could help.

Thank you for the work you do for animals in the community.

Best,
Jason",Phone first; ask for volunteer/foster/rescue coordinator email,Follow up once after 3-5 business days; second follow-up after 10-14 days if strong fit,Nonprofit shelter / humane society,"Volunteer intake, adoption-event staffing, foster coordination, training/credential tracking, and funder/board-ready reports.","Volunteer applications, custom screening questions, adoption-event shifts, attendance, training credentials, and grant-ready reporting.","Lead with Free plan/no credit card; position Starter/Pro only if they need more than 3 opportunities, matching, background checks, or exports.","Volunteer management support for Westside Animals for Adoption, Inc.","Subject: Volunteer management support for Westside Animals for Adoption, Inc.

Hi there,

I’m Jason, the founder of VolunteerReady. I’m reaching out because Westside Animals for Adoption, Inc. looks like the kind of animal welfare organization we’re building for.

VolunteerReady helps nonprofits recruit, screen, schedule, and manage volunteers from one place — instead of juggling spreadsheets, shared inboxes, sign-up sheets, and group texts. Your nonprofit page pain points line up closely with animal welfare teams: volunteers who sign up and don’t show, screening/documentation requirements, and staff time lost to coordination.

For a nonprofit shelter / humane society, the use case I’d want to explore is: Volunteer applications, custom screening questions, adoption-event shifts, attendance, training credentials, and grant-ready reporting.

There’s a free plan, no credit card required, and I personally help organizations get set up. It includes custom screening forms, shift scheduling, attendance tracking, audit logging, and portable volunteer credentials.

Would you be open to a quick 15-minute call? I’d love to learn how you currently manage volunteers/fosters and see whether VolunteerReady could save your team time.

Thank you for the work you do for animals in the community.

Best,
Jason
https://www.volunteerready.org/for/nonprofits","Hi, this is Jason with VolunteerReady. I’m building a volunteer management platform for nonprofits and animal welfare teams. Who would be the best person to speak with about volunteer, foster, or adoption-event coordination? I’d like to offer a free setup and get feedback from organizations like Westside Animals for Adoption, Inc..","Hi — I’m Jason, founder of VolunteerReady. We help nonprofits manage volunteer intake, screening, shifts, attendance, audit-ready records, and credentials. I’m talking with animal welfare organizations to learn how teams like Westside Animals for Adoption, Inc. coordinate volunteers/fosters. Open to a quick 15-minute chat?"
ready,Stanislaus,Cat Network of Stanislaus,nonprofit cat/TNR support organization,209-735-0604,info@catnetworkofstanislaus.org,"PO Box 3649, Modesto, CA 95352",https://catnetworkofstanislaus.org/,General info/TNR/trap-voucher contact,https://catnetworkofstanislaus.org/,Not a traditional shelter,Medium,General info/TNR/trap-voucher contact,"Emphasize coordinating trap-neuter-return volunteers, shelter support tasks, transport, and community outreach.","Hi there,

I’m reaching out because I’m building a nonprofit volunteer management app and thought it could be useful for Cat Network of Stanislaus. The goal is to help animal welfare organizations manage volunteers, fosters, tasks, shifts, events, and follow-up without adding more admin work.

For your team, I think the strongest fit may be: Emphasize coordinating trap-neuter-return volunteers, shelter support tasks, transport, and community outreach.

Would you be open to a quick 15-minute conversation? I’d love to learn how you currently coordinate volunteers and see whether an early version of the app could help.

Thank you for the work you do for animals in the community.

Best,
Jason",Email first; call after 3-5 business days if no response,Follow up once after 3-5 business days; second follow-up after 10-14 days if strong fit,Cat rescue / foster network,"Foster applications, adoption-event volunteers, transport/TNR helpers, onboarding status, and keeping a distributed volunteer base organized.","Foster/volunteer intake forms, TNR/adoption-event shifts, portable credentials for trained volunteers, and centralized follow-up.","Lead with Free plan/no credit card; position Starter/Pro only if they need more than 3 opportunities, matching, background checks, or exports.",Helping Cat Network of Stanislaus coordinate fosters and adoption volunteers,"Subject: Helping Cat Network of Stanislaus coordinate fosters and adoption volunteers

Hi there,

I’m Jason, the founder of VolunteerReady. I’m reaching out because Cat Network of Stanislaus looks like the kind of animal welfare organization we’re building for.

VolunteerReady helps nonprofits recruit, screen, schedule, and manage volunteers from one place — instead of juggling spreadsheets, shared inboxes, sign-up sheets, and group texts. Your nonprofit page pain points line up closely with animal welfare teams: volunteers who sign up and don’t show, screening/documentation requirements, and staff time lost to coordination.

For a cat rescue / foster network, the use case I’d want to explore is: Foster/volunteer intake forms, TNR/adoption-event shifts, portable credentials for trained volunteers, and centralized follow-up.

There’s a free plan, no credit card required, and I personally help organizations get set up. It includes custom screening forms, shift scheduling, attendance tracking, audit logging, and portable volunteer credentials.

Would you be open to a quick 15-minute call? I’d love to learn how you currently manage volunteers/fosters and see whether VolunteerReady could save your team time.

Thank you for the work you do for animals in the community.

Best,
Jason
https://www.volunteerready.org/for/nonprofits","Hi, this is Jason with VolunteerReady. I’m building a volunteer management platform for nonprofits and animal welfare teams. Who would be the best person to speak with about volunteer, foster, or adoption-event coordination? I’d like to offer a free setup and get feedback from organizations like Cat Network of Stanislaus.","Hi — I’m Jason, founder of VolunteerReady. We help nonprofits manage volunteer intake, screening, shifts, attendance, audit-ready records, and credentials. I’m talking with animal welfare organizations to learn how teams like Cat Network of Stanislaus coordinate volunteers/fosters. Open to a quick 15-minute chat?"
ready,Stanislaus,Oakdale Shelter Pet Alliance,nonprofit shelter-support/rescue partner,unknown,info@OakdaleShelterPetAlliance.org,unknown,http://www.oakdaleshelterpetalliance.org/,OSPA representatives,https://www.oakdalegov.com/animal-services,Mentioned on official Oakdale Animal Services page,High,OSPA representatives,"Emphasize foster/volunteer scheduling, onboarding, communication, and keeping small teams coordinated without spreadsheets or message-thread chaos.","Hi there,

I’m reaching out because I’m building a nonprofit volunteer management app and thought it could be useful for Oakdale Shelter Pet Alliance. The goal is to help animal welfare organizations manage volunteers, fosters, tasks, shifts, events, and follow-up without adding more admin work.

For your team, I think the strongest fit may be: Emphasize foster/volunteer scheduling, onboarding, communication, and keeping small teams coordinated without spreadsheets or message-thread chaos.

Would you be open to a quick 15-minute conversation? I’d love to learn how you currently coordinate volunteers and see whether an early version of the app could help.

Thank you for the work you do for animals in the community.

Best,
Jason",Email first; call after 3-5 business days if no response,Follow up once after 3-5 business days; second follow-up after 10-14 days if strong fit,Nonprofit shelter / humane society,"Volunteer intake, adoption-event staffing, foster coordination, training/credential tracking, and funder/board-ready reports.","Volunteer applications, custom screening questions, adoption-event shifts, attendance, training credentials, and grant-ready reporting.","Lead with Free plan/no credit card; position Starter/Pro only if they need more than 3 opportunities, matching, background checks, or exports.",Volunteer management support for Oakdale Shelter Pet Alliance,"Subject: Volunteer management support for Oakdale Shelter Pet Alliance

Hi there,

I’m Jason, the founder of VolunteerReady. I’m reaching out because Oakdale Shelter Pet Alliance looks like the kind of animal welfare organization we’re building for.

VolunteerReady helps nonprofits recruit, screen, schedule, and manage volunteers from one place — instead of juggling spreadsheets, shared inboxes, sign-up sheets, and group texts. Your nonprofit page pain points line up closely with animal welfare teams: volunteers who sign up and don’t show, screening/documentation requirements, and staff time lost to coordination.

For a nonprofit shelter / humane society, the use case I’d want to explore is: Volunteer applications, custom screening questions, adoption-event shifts, attendance, training credentials, and grant-ready reporting.

There’s a free plan, no credit card required, and I personally help organizations get set up. It includes custom screening forms, shift scheduling, attendance tracking, audit logging, and portable volunteer credentials.

Would you be open to a quick 15-minute call? I’d love to learn how you currently manage volunteers/fosters and see whether VolunteerReady could save your team time.

Thank you for the work you do for animals in the community.

Best,
Jason
https://www.volunteerready.org/for/nonprofits","Hi, this is Jason with VolunteerReady. I’m building a volunteer management platform for nonprofits and animal welfare teams. Who would be the best person to speak with about volunteer, foster, or adoption-event coordination? I’d like to offer a free setup and get feedback from organizations like Oakdale Shelter Pet Alliance.","Hi — I’m Jason, founder of VolunteerReady. We help nonprofits manage volunteer intake, screening, shifts, attendance, audit-ready records, and credentials. I’m talking with animal welfare organizations to learn how teams like Oakdale Shelter Pet Alliance coordinate volunteers/fosters. Open to a quick 15-minute chat?"
ready,San Joaquin,City of Stockton Animal Services / Stockton Animal Shelter,municipal shelter,(209) 937-7445; after-hours (209) 937-8377,AnimalServices@stocktonca.gov; volunteer/foster: SASVolunteers@stocktonca.gov,"1575 S. Lincoln St., Stockton, CA 95206",https://www.stocktonca.gov/services/animal_services/index.php,Volunteer staff via SASVolunteers@stocktonca.gov,https://www.stocktonca.gov/services/animal_services/index.php; https://www.stocktonca.gov/services/animal_services/volunteer.php,,High,Volunteer staff via SASVolunteers@stocktonca.gov,"Position the app as a way to reduce staff admin time by organizing volunteers, fosters, event help, transport, and rescue-partner coordination in one place.","Hi there,

I’m reaching out because I’m building a nonprofit volunteer management app and thought it could be useful for City of Stockton Animal Services / Stockton Animal Shelter. The goal is to help animal welfare organizations manage volunteers, fosters, tasks, shifts, events, and follow-up without adding more admin work.

For your team, I think the strongest fit may be: Position the app as a way to reduce staff admin time by organizing volunteers, fosters, event help, transport, and rescue-partner coordination in one place.

Would you be open to a quick 15-minute conversation? I’d love to learn how you currently coordinate volunteers and see whether an early version of the app could help.

Thank you for the work you do for animals in the community.

Best,
Jason",Email first; call after 3-5 business days if no response,Follow up once after 3-5 business days; second follow-up after 10-14 days if strong fit,Municipal/county shelter,"High-volume volunteer, foster, rescue-partner coordination, applications buried in inboxes, shift scheduling, documentation, and background-check tracking.","Application queue, auto-scored screening, foster/rescue-team workflows, shift capacity, attendance, audit logs, and Pro background-check/export features.","Lead with founder-led free setup; mention Pro if they need background checks, CSV exports, ESG/reporting, or unlimited opportunities.",Quick idea to reduce volunteer intake/admin time at City of Stockton Animal Services / Stockton Animal Shelter,"Subject: Quick idea to reduce volunteer intake/admin time at City of Stockton Animal Services / Stockton Animal Shelter

Hi there,

I’m Jason, the founder of VolunteerReady. I’m reaching out because City of Stockton Animal Services / Stockton Animal Shelter looks like the kind of animal welfare organization we’re building for.

VolunteerReady helps nonprofits recruit, screen, schedule, and manage volunteers from one place — instead of juggling spreadsheets, shared inboxes, sign-up sheets, and group texts. Your nonprofit page pain points line up closely with animal welfare teams: volunteers who sign up and don’t show, screening/documentation requirements, and staff time lost to coordination.

For a municipal/county shelter, the use case I’d want to explore is: Application queue, auto-scored screening, foster/rescue-team workflows, shift capacity, attendance, audit logs, and Pro background-check/export features.

There’s a free plan, no credit card required, and I personally help organizations get set up. It includes custom screening forms, shift scheduling, attendance tracking, audit logging, and portable volunteer credentials.

Would you be open to a quick 15-minute call? I’d love to learn how you currently manage volunteers/fosters and see whether VolunteerReady could save your team time.

Thank you for the work you do for animals in the community.

Best,
Jason
https://www.volunteerready.org/for/nonprofits","Hi, this is Jason with VolunteerReady. I’m building a volunteer management platform for nonprofits and animal welfare teams. Who would be the best person to speak with about volunteer, foster, or adoption-event coordination? I’d like to offer a free setup and get feedback from organizations like City of Stockton Animal Services / Stockton Animal Shelter.","Hi — I’m Jason, founder of VolunteerReady. We help nonprofits manage volunteer intake, screening, shifts, attendance, audit-ready records, and credentials. I’m talking with animal welfare organizations to learn how teams like City of Stockton Animal Services / Stockton Animal Shelter coordinate volunteers/fosters. Open to a quick 15-minute chat?"
skip_no_email,San Joaquin,San Joaquin County Animal Services / Sheriff's Office,county animal services; sheltering via Stockton Animal Shelter,(209) 953-6073; bats/service line (209) 953-6070,unknown,"County/Sheriff mailing: 7000 Michael Canlis Blvd., French Camp, CA 95231; shelter reference: Stockton Animal Shelter, 1575 S. Lincoln St., Stockton, CA",https://sjsheriff.org/animal-services,unknown,https://sjsheriff.org/animal-services; https://www.lodi.gov/237/Animal-Services-Directory,,High,"Shelter manager, volunteer coordinator, foster/rescue partner coordinator, or animal services supervisor","Position the app as a way to reduce staff admin time by organizing volunteers, fosters, event help, transport, and rescue-partner coordination in one place.","Hi there,

I’m reaching out because I’m building a nonprofit volunteer management app and thought it could be useful for San Joaquin County Animal Services / Sheriff's Office. The goal is to help animal welfare organizations manage volunteers, fosters, tasks, shifts, events, and follow-up without adding more admin work.

For your team, I think the strongest fit may be: Position the app as a way to reduce staff admin time by organizing volunteers, fosters, event help, transport, and rescue-partner coordination in one place.

Would you be open to a quick 15-minute conversation? I’d love to learn how you currently coordinate volunteers and see whether an early version of the app could help.

Thank you for the work you do for animals in the community.

Best,
Jason",Phone first; ask for volunteer/foster/rescue coordinator email,Follow up once after 3-5 business days; second follow-up after 10-14 days if strong fit,Municipal/county shelter,"High-volume volunteer, foster, rescue-partner coordination, applications buried in inboxes, shift scheduling, documentation, and background-check tracking.","Application queue, auto-scored screening, foster/rescue-team workflows, shift capacity, attendance, audit logs, and Pro background-check/export features.","Lead with founder-led free setup; mention Pro if they need background checks, CSV exports, ESG/reporting, or unlimited opportunities.",Quick idea to reduce volunteer intake/admin time at San Joaquin County Animal Services / Sheriff's Office,"Subject: Quick idea to reduce volunteer intake/admin time at San Joaquin County Animal Services / Sheriff's Office

Hi there,

I’m Jason, the founder of VolunteerReady. I’m reaching out because San Joaquin County Animal Services / Sheriff's Office looks like the kind of animal welfare organization we’re building for.

VolunteerReady helps nonprofits recruit, screen, schedule, and manage volunteers from one place — instead of juggling spreadsheets, shared inboxes, sign-up sheets, and group texts. Your nonprofit page pain points line up closely with animal welfare teams: volunteers who sign up and don’t show, screening/documentation requirements, and staff time lost to coordination.

For a municipal/county shelter, the use case I’d want to explore is: Application queue, auto-scored screening, foster/rescue-team workflows, shift capacity, attendance, audit logs, and Pro background-check/export features.

There’s a free plan, no credit card required, and I personally help organizations get set up. It includes custom screening forms, shift scheduling, attendance tracking, audit logging, and portable volunteer credentials.

Would you be open to a quick 15-minute call? I’d love to learn how you currently manage volunteers/fosters and see whether VolunteerReady could save your team time.

Thank you for the work you do for animals in the community.

Best,
Jason
https://www.volunteerready.org/for/nonprofits","Hi, this is Jason with VolunteerReady. I’m building a volunteer management platform for nonprofits and animal welfare teams. Who would be the best person to speak with about volunteer, foster, or adoption-event coordination? I’d like to offer a free setup and get feedback from organizations like San Joaquin County Animal Services / Sheriff's Office.","Hi — I’m Jason, founder of VolunteerReady. We help nonprofits manage volunteer intake, screening, shifts, attendance, audit-ready records, and credentials. I’m talking with animal welfare organizations to learn how teams like San Joaquin County Animal Services / Sheriff's Office coordinate volunteers/fosters. Open to a quick 15-minute chat?"
ready,San Joaquin,Lodi Animal Services,municipal shelter,(209) 333-6741,AnimalServices@Lodi.gov; supervisor: jbender@lodi.gov,"1345 W. Kettleman Lane, Lodi, CA 95242",https://www.lodi.gov/231/Animal-Services,"Jennifer Bender, Animal Services Supervisor; Meghan Ramczyk, Animal Services Manager",https://www.lodi.gov/231/Animal-Services; https://www.lodi.gov/Directory.aspx?did=16,,High,"Jennifer Bender, Animal Services Supervisor; Meghan Ramczyk, Animal Services Manager","Position the app as a way to reduce staff admin time by organizing volunteers, fosters, event help, transport, and rescue-partner coordination in one place.","Hi Jennifer,

I’m reaching out because I’m building a nonprofit volunteer management app and thought it could be useful for Lodi Animal Services. The goal is to help animal welfare organizations manage volunteers, fosters, tasks, shifts, events, and follow-up without adding more admin work.

For your team, I think the strongest fit may be: Position the app as a way to reduce staff admin time by organizing volunteers, fosters, event help, transport, and rescue-partner coordination in one place.

Would you be open to a quick 15-minute conversation? I’d love to learn how you currently coordinate volunteers and see whether an early version of the app could help.

Thank you for the work you do for animals in the community.

Best,
Jason",Email first; call after 3-5 business days if no response,Follow up once after 3-5 business days; second follow-up after 10-14 days if strong fit,Municipal/county shelter,"High-volume volunteer, foster, rescue-partner coordination, applications buried in inboxes, shift scheduling, documentation, and background-check tracking.","Application queue, auto-scored screening, foster/rescue-team workflows, shift capacity, attendance, audit logs, and Pro background-check/export features.","Lead with founder-led free setup; mention Pro if they need background checks, CSV exports, ESG/reporting, or unlimited opportunities.",Quick idea to reduce volunteer intake/admin time at Lodi Animal Services,"Subject: Quick idea to reduce volunteer intake/admin time at Lodi Animal Services

Hi Jennifer,

I’m Jason, the founder of VolunteerReady. I’m reaching out because Lodi Animal Services looks like the kind of animal welfare organization we’re building for.

VolunteerReady helps nonprofits recruit, screen, schedule, and manage volunteers from one place — instead of juggling spreadsheets, shared inboxes, sign-up sheets, and group texts. Your nonprofit page pain points line up closely with animal welfare teams: volunteers who sign up and don’t show, screening/documentation requirements, and staff time lost to coordination.

For a municipal/county shelter, the use case I’d want to explore is: Application queue, auto-scored screening, foster/rescue-team workflows, shift capacity, attendance, audit logs, and Pro background-check/export features.

There’s a free plan, no credit card required, and I personally help organizations get set up. It includes custom screening forms, shift scheduling, attendance tracking, audit logging, and portable volunteer credentials.

Would you be open to a quick 15-minute call? I’d love to learn how you currently manage volunteers/fosters and see whether VolunteerReady could save your team time.

Thank you for the work you do for animals in the community.

Best,
Jason
https://www.volunteerready.org/for/nonprofits","Hi, this is Jason with VolunteerReady. I’m building a volunteer management platform for nonprofits and animal welfare teams. Who would be the best person to speak with about volunteer, foster, or adoption-event coordination? I’d like to offer a free setup and get feedback from organizations like Lodi Animal Services.","Hi — I’m Jason, founder of VolunteerReady. We help nonprofits manage volunteer intake, screening, shifts, attendance, audit-ready records, and credentials. I’m talking with animal welfare organizations to learn how teams like Lodi Animal Services coordinate volunteers/fosters. Open to a quick 15-minute chat?"
ready,San Joaquin,Tracy Animal Services Unit / Tracy Animal Shelter,municipal shelter,(209) 831-6364; after-hours/non-emergency (209) 831-6550,Animal.Services@CityofTracy.org; AnimalServices@TracyPD.com also shown for program correspondence,"2375 Paradise Road, Tracy, CA 95304",https://tracypd.com/bureau-of-support-services/animal-services,Animal Services Unit / Bureau of Support Services,https://tracypd.com/bureau-of-support-services/animal-services,Specific named person unknown,High,Animal Services Unit / Bureau of Support Services,"Position the app as a way to reduce staff admin time by organizing volunteers, fosters, event help, transport, and rescue-partner coordination in one place.","Hi there,

I’m reaching out because I’m building a nonprofit volunteer management app and thought it could be useful for Tracy Animal Services Unit / Tracy Animal Shelter. The goal is to help animal welfare organizations manage volunteers, fosters, tasks, shifts, events, and follow-up without adding more admin work.

For your team, I think the strongest fit may be: Position the app as a way to reduce staff admin time by organizing volunteers, fosters, event help, transport, and rescue-partner coordination in one place.

Would you be open to a quick 15-minute conversation? I’d love to learn how you currently coordinate volunteers and see whether an early version of the app could help.

Thank you for the work you do for animals in the community.

Best,
Jason",Email first; call after 3-5 business days if no response,Follow up once after 3-5 business days; second follow-up after 10-14 days if strong fit,Municipal/county shelter,"High-volume volunteer, foster, rescue-partner coordination, applications buried in inboxes, shift scheduling, documentation, and background-check tracking.","Application queue, auto-scored screening, foster/rescue-team workflows, shift capacity, attendance, audit logs, and Pro background-check/export features.","Lead with founder-led free setup; mention Pro if they need background checks, CSV exports, ESG/reporting, or unlimited opportunities.",Quick idea to reduce volunteer intake/admin time at Tracy Animal Services Unit / Tracy Animal Shelter,"Subject: Quick idea to reduce volunteer intake/admin time at Tracy Animal Services Unit / Tracy Animal Shelter

Hi there,

I’m Jason, the founder of VolunteerReady. I’m reaching out because Tracy Animal Services Unit / Tracy Animal Shelter looks like the kind of animal welfare organization we’re building for.

VolunteerReady helps nonprofits recruit, screen, schedule, and manage volunteers from one place — instead of juggling spreadsheets, shared inboxes, sign-up sheets, and group texts. Your nonprofit page pain points line up closely with animal welfare teams: volunteers who sign up and don’t show, screening/documentation requirements, and staff time lost to coordination.

For a municipal/county shelter, the use case I’d want to explore is: Application queue, auto-scored screening, foster/rescue-team workflows, shift capacity, attendance, audit logs, and Pro background-check/export features.

There’s a free plan, no credit card required, and I personally help organizations get set up. It includes custom screening forms, shift scheduling, attendance tracking, audit logging, and portable volunteer credentials.

Would you be open to a quick 15-minute call? I’d love to learn how you currently manage volunteers/fosters and see whether VolunteerReady could save your team time.

Thank you for the work you do for animals in the community.

Best,
Jason
https://www.volunteerready.org/for/nonprofits","Hi, this is Jason with VolunteerReady. I’m building a volunteer management platform for nonprofits and animal welfare teams. Who would be the best person to speak with about volunteer, foster, or adoption-event coordination? I’d like to offer a free setup and get feedback from organizations like Tracy Animal Services Unit / Tracy Animal Shelter.","Hi — I’m Jason, founder of VolunteerReady. We help nonprofits manage volunteer intake, screening, shifts, attendance, audit-ready records, and credentials. I’m talking with animal welfare organizations to learn how teams like Tracy Animal Services Unit / Tracy Animal Shelter coordinate volunteers/fosters. Open to a quick 15-minute chat?"
ready,San Joaquin,Manteca Animal Services,municipal shelter,(209) 456-8270,jchanoski@manteca.gov,"115 E. Wetmore St., Manteca, CA 95337",https://www.manteca.gov/departments/police-department/animal-services-unit,unknown,https://www.adoptapet.com/shelter/269523-manteca-animal-services-manteca-california; https://www.lodi.gov/237/Animal-Services-Directory,Official city page was access-blocked; details verified via secondary sources,High,"Shelter manager, volunteer coordinator, foster/rescue partner coordinator, or animal services supervisor","Position the app as a way to reduce staff admin time by organizing volunteers, fosters, event help, transport, and rescue-partner coordination in one place.","Hi there,

I’m reaching out because I’m building a nonprofit volunteer management app and thought it could be useful for Manteca Animal Services. The goal is to help animal welfare organizations manage volunteers, fosters, tasks, shifts, events, and follow-up without adding more admin work.

For your team, I think the strongest fit may be: Position the app as a way to reduce staff admin time by organizing volunteers, fosters, event help, transport, and rescue-partner coordination in one place.

Would you be open to a quick 15-minute conversation? I’d love to learn how you currently coordinate volunteers and see whether an early version of the app could help.

Thank you for the work you do for animals in the community.

Best,
Jason",Email first; call after 3-5 business days if no response,Follow up once after 3-5 business days; second follow-up after 10-14 days if strong fit,Municipal/county shelter,"High-volume volunteer, foster, rescue-partner coordination, applications buried in inboxes, shift scheduling, documentation, and background-check tracking.","Application queue, auto-scored screening, foster/rescue-team workflows, shift capacity, attendance, audit logs, and Pro background-check/export features.","Lead with founder-led free setup; mention Pro if they need background checks, CSV exports, ESG/reporting, or unlimited opportunities.",Quick idea to reduce volunteer intake/admin time at Manteca Animal Services,"Subject: Quick idea to reduce volunteer intake/admin time at Manteca Animal Services

Hi there,

I’m Jason, the founder of VolunteerReady. I’m reaching out because Manteca Animal Services looks like the kind of animal welfare organization we’re building for.

VolunteerReady helps nonprofits recruit, screen, schedule, and manage volunteers from one place — instead of juggling spreadsheets, shared inboxes, sign-up sheets, and group texts. Your nonprofit page pain points line up closely with animal welfare teams: volunteers who sign up and don’t show, screening/documentation requirements, and staff time lost to coordination.

For a municipal/county shelter, the use case I’d want to explore is: Application queue, auto-scored screening, foster/rescue-team workflows, shift capacity, attendance, audit logs, and Pro background-check/export features.

There’s a free plan, no credit card required, and I personally help organizations get set up. It includes custom screening forms, shift scheduling, attendance tracking, audit logging, and portable volunteer credentials.

Would you be open to a quick 15-minute call? I’d love to learn how you currently manage volunteers/fosters and see whether VolunteerReady could save your team time.

Thank you for the work you do for animals in the community.

Best,
Jason
https://www.volunteerready.org/for/nonprofits","Hi, this is Jason with VolunteerReady. I’m building a volunteer management platform for nonprofits and animal welfare teams. Who would be the best person to speak with about volunteer, foster, or adoption-event coordination? I’d like to offer a free setup and get feedback from organizations like Manteca Animal Services.","Hi — I’m Jason, founder of VolunteerReady. We help nonprofits manage volunteer intake, screening, shifts, attendance, audit-ready records, and credentials. I’m talking with animal welfare organizations to learn how teams like Manteca Animal Services coordinate volunteers/fosters. Open to a quick 15-minute chat?"
skip_no_email,San Joaquin,Lathrop Animal Center / Lathrop Animal Services,municipal shelter,(209) 647-6480 animal center; (209) 647-6400 community resource officers/non-emergency dispatch,unknown,"City footer/mailing: 390 Towne Centre Dr., Lathrop, CA 95330; Adopt-a-Pet lists 940 River Islands Pkwy., Lathrop, CA 95330",https://www.ci.lathrop.ca.us/animal-services,unknown,https://www.ci.lathrop.ca.us/animal-services; https://www.adoptapet.com/shelter/74688-lathrop-animal-services-lathrop-california,Official animal-center address not clearly listed,High,"Shelter manager, volunteer coordinator, foster/rescue partner coordinator, or animal services supervisor","Position the app as a way to reduce staff admin time by organizing volunteers, fosters, event help, transport, and rescue-partner coordination in one place.","Hi there,

I’m reaching out because I’m building a nonprofit volunteer management app and thought it could be useful for Lathrop Animal Center / Lathrop Animal Services. The goal is to help animal welfare organizations manage volunteers, fosters, tasks, shifts, events, and follow-up without adding more admin work.

For your team, I think the strongest fit may be: Position the app as a way to reduce staff admin time by organizing volunteers, fosters, event help, transport, and rescue-partner coordination in one place.

Would you be open to a quick 15-minute conversation? I’d love to learn how you currently coordinate volunteers and see whether an early version of the app could help.

Thank you for the work you do for animals in the community.

Best,
Jason",Phone first; ask for volunteer/foster/rescue coordinator email,Follow up once after 3-5 business days; second follow-up after 10-14 days if strong fit,Municipal/county shelter,"High-volume volunteer, foster, rescue-partner coordination, applications buried in inboxes, shift scheduling, documentation, and background-check tracking.","Application queue, auto-scored screening, foster/rescue-team workflows, shift capacity, attendance, audit logs, and Pro background-check/export features.","Lead with founder-led free setup; mention Pro if they need background checks, CSV exports, ESG/reporting, or unlimited opportunities.",Quick idea to reduce volunteer intake/admin time at Lathrop Animal Center / Lathrop Animal Services,"Subject: Quick idea to reduce volunteer intake/admin time at Lathrop Animal Center / Lathrop Animal Services

Hi there,

I’m Jason, the founder of VolunteerReady. I’m reaching out because Lathrop Animal Center / Lathrop Animal Services looks like the kind of animal welfare organization we’re building for.

VolunteerReady helps nonprofits recruit, screen, schedule, and manage volunteers from one place — instead of juggling spreadsheets, shared inboxes, sign-up sheets, and group texts. Your nonprofit page pain points line up closely with animal welfare teams: volunteers who sign up and don’t show, screening/documentation requirements, and staff time lost to coordination.

For a municipal/county shelter, the use case I’d want to explore is: Application queue, auto-scored screening, foster/rescue-team workflows, shift capacity, attendance, audit logs, and Pro background-check/export features.

There’s a free plan, no credit card required, and I personally help organizations get set up. It includes custom screening forms, shift scheduling, attendance tracking, audit logging, and portable volunteer credentials.

Would you be open to a quick 15-minute call? I’d love to learn how you currently manage volunteers/fosters and see whether VolunteerReady could save your team time.

Thank you for the work you do for animals in the community.

Best,
Jason
https://www.volunteerready.org/for/nonprofits","Hi, this is Jason with VolunteerReady. I’m building a volunteer management platform for nonprofits and animal welfare teams. Who would be the best person to speak with about volunteer, foster, or adoption-event coordination? I’d like to offer a free setup and get feedback from organizations like Lathrop Animal Center / Lathrop Animal Services.","Hi — I’m Jason, founder of VolunteerReady. We help nonprofits manage volunteer intake, screening, shifts, attendance, audit-ready records, and credentials. I’m talking with animal welfare organizations to learn how teams like Lathrop Animal Center / Lathrop Animal Services coordinate volunteers/fosters. Open to a quick 15-minute chat?"
ready,San Joaquin,Ripon Animal Services / Ripon Animal Shelter,municipal shelter,Police/assistance: (209) 599-2102; Adopt-a-Pet shelter listing: (209) 599-3146,gbatty@cityofripon.org; Adopt-a-Pet lists pdshelterstaff@cityofripon.org,"Official contact/mailing: 259 N. Wilma Ave., Ripon, CA 95366; Adopt-a-Pet shelter address: 444 Doak Blvd., Ripon, CA 95366",https://cityofripon.org/225/Animal-Services,"Gabrielle 'Gabby' Batty, Community Service Officer; Adopt-a-Pet lists Bethany Shimmel as contact",https://cityofripon.org/225/Animal-Services; https://www.adoptapet.com/shelter/93252-ripon-animal-service-ripon-california,,High,"Gabrielle 'Gabby' Batty, Community Service Officer; Adopt-a-Pet lists Bethany Shimmel as contact","Position the app as a way to reduce staff admin time by organizing volunteers, fosters, event help, transport, and rescue-partner coordination in one place.","Hi Gabrielle,

I’m reaching out because I’m building a nonprofit volunteer management app and thought it could be useful for Ripon Animal Services / Ripon Animal Shelter. The goal is to help animal welfare organizations manage volunteers, fosters, tasks, shifts, events, and follow-up without adding more admin work.

For your team, I think the strongest fit may be: Position the app as a way to reduce staff admin time by organizing volunteers, fosters, event help, transport, and rescue-partner coordination in one place.

Would you be open to a quick 15-minute conversation? I’d love to learn how you currently coordinate volunteers and see whether an early version of the app could help.

Thank you for the work you do for animals in the community.

Best,
Jason",Email first; call after 3-5 business days if no response,Follow up once after 3-5 business days; second follow-up after 10-14 days if strong fit,Municipal/county shelter,"High-volume volunteer, foster, rescue-partner coordination, applications buried in inboxes, shift scheduling, documentation, and background-check tracking.","Application queue, auto-scored screening, foster/rescue-team workflows, shift capacity, attendance, audit logs, and Pro background-check/export features.","Lead with founder-led free setup; mention Pro if they need background checks, CSV exports, ESG/reporting, or unlimited opportunities.",Quick idea to reduce volunteer intake/admin time at Ripon Animal Services / Ripon Animal Shelter,"Subject: Quick idea to reduce volunteer intake/admin time at Ripon Animal Services / Ripon Animal Shelter

Hi there,

I’m Jason, the founder of VolunteerReady. I’m reaching out because Ripon Animal Services / Ripon Animal Shelter looks like the kind of animal welfare organization we’re building for.

VolunteerReady helps nonprofits recruit, screen, schedule, and manage volunteers from one place — instead of juggling spreadsheets, shared inboxes, sign-up sheets, and group texts. Your nonprofit page pain points line up closely with animal welfare teams: volunteers who sign up and don’t show, screening/documentation requirements, and staff time lost to coordination.

For a municipal/county shelter, the use case I’d want to explore is: Application queue, auto-scored screening, foster/rescue-team workflows, shift capacity, attendance, audit logs, and Pro background-check/export features.

There’s a free plan, no credit card required, and I personally help organizations get set up. It includes custom screening forms, shift scheduling, attendance tracking, audit logging, and portable volunteer credentials.

Would you be open to a quick 15-minute call? I’d love to learn how you currently manage volunteers/fosters and see whether VolunteerReady could save your team time.

Thank you for the work you do for animals in the community.

Best,
Jason
https://www.volunteerready.org/for/nonprofits","Hi, this is Jason with VolunteerReady. I’m building a volunteer management platform for nonprofits and animal welfare teams. Who would be the best person to speak with about volunteer, foster, or adoption-event coordination? I’d like to offer a free setup and get feedback from organizations like Ripon Animal Services / Ripon Animal Shelter.","Hi — I’m Jason, founder of VolunteerReady. We help nonprofits manage volunteer intake, screening, shifts, attendance, audit-ready records, and credentials. I’m talking with animal welfare organizations to learn how teams like Ripon Animal Services / Ripon Animal Shelter coordinate volunteers/fosters. Open to a quick 15-minute chat?"
ready,San Joaquin,Escalon Animal Shelter / Animal Control,municipal shelter,Shelter: (209) 838-9908; Animal Control Officer: (209) 691-7304,cpascale@cityofescalon.org,"25100 E. River Rd., Escalon, CA 95320",https://www.cityofescalon.org/government/departments/development_services/community_programs2/animal_control,Animal Control Officer,https://www.cityofescalon.org/government/departments/development_services/community_programs2/animal_control,Name not stated on page,High,Animal Control Officer,"Position the app as a way to reduce staff admin time by organizing volunteers, fosters, event help, transport, and rescue-partner coordination in one place.","Hi there,

I’m reaching out because I’m building a nonprofit volunteer management app and thought it could be useful for Escalon Animal Shelter / Animal Control. The goal is to help animal welfare organizations manage volunteers, fosters, tasks, shifts, events, and follow-up without adding more admin work.

For your team, I think the strongest fit may be: Position the app as a way to reduce staff admin time by organizing volunteers, fosters, event help, transport, and rescue-partner coordination in one place.

Would you be open to a quick 15-minute conversation? I’d love to learn how you currently coordinate volunteers and see whether an early version of the app could help.

Thank you for the work you do for animals in the community.

Best,
Jason",Email first; call after 3-5 business days if no response,Follow up once after 3-5 business days; second follow-up after 10-14 days if strong fit,Municipal/county shelter,"High-volume volunteer, foster, rescue-partner coordination, applications buried in inboxes, shift scheduling, documentation, and background-check tracking.","Application queue, auto-scored screening, foster/rescue-team workflows, shift capacity, attendance, audit logs, and Pro background-check/export features.","Lead with founder-led free setup; mention Pro if they need background checks, CSV exports, ESG/reporting, or unlimited opportunities.",Quick idea to reduce volunteer intake/admin time at Escalon Animal Shelter / Animal Control,"Subject: Quick idea to reduce volunteer intake/admin time at Escalon Animal Shelter / Animal Control

Hi there,

I’m Jason, the founder of VolunteerReady. I’m reaching out because Escalon Animal Shelter / Animal Control looks like the kind of animal welfare organization we’re building for.

VolunteerReady helps nonprofits recruit, screen, schedule, and manage volunteers from one place — instead of juggling spreadsheets, shared inboxes, sign-up sheets, and group texts. Your nonprofit page pain points line up closely with animal welfare teams: volunteers who sign up and don’t show, screening/documentation requirements, and staff time lost to coordination.

For a municipal/county shelter, the use case I’d want to explore is: Application queue, auto-scored screening, foster/rescue-team workflows, shift capacity, attendance, audit logs, and Pro background-check/export features.

There’s a free plan, no credit card required, and I personally help organizations get set up. It includes custom screening forms, shift scheduling, attendance tracking, audit logging, and portable volunteer credentials.

Would you be open to a quick 15-minute call? I’d love to learn how you currently manage volunteers/fosters and see whether VolunteerReady could save your team time.

Thank you for the work you do for animals in the community.

Best,
Jason
https://www.volunteerready.org/for/nonprofits","Hi, this is Jason with VolunteerReady. I’m building a volunteer management platform for nonprofits and animal welfare teams. Who would be the best person to speak with about volunteer, foster, or adoption-event coordination? I’d like to offer a free setup and get feedback from organizations like Escalon Animal Shelter / Animal Control.","Hi — I’m Jason, founder of VolunteerReady. We help nonprofits manage volunteer intake, screening, shifts, attendance, audit-ready records, and credentials. I’m talking with animal welfare organizations to learn how teams like Escalon Animal Shelter / Animal Control coordinate volunteers/fosters. Open to a quick 15-minute chat?"
ready,San Joaquin,Pets & Pals Animal Shelter,nonprofit shelter/rescue,(209) 982-5073,info@petsnpals.org; davidm@petsnpals.org; susanm@petsnpals.org,"12488 S. Harlan Road, Lathrop, CA 95330",https://petsnpals.org,"David, Executive Director; Renae, Adoption Coordinator; Susan, President",https://petsnpals.org/contact/; https://petsnpals.org/our-amazing-team/,,High,"David, Executive Director; Renae, Adoption Coordinator; Susan, President","Emphasize foster/volunteer scheduling, onboarding, communication, and keeping small teams coordinated without spreadsheets or message-thread chaos.","Hi David,

I’m reaching out because I’m building a nonprofit volunteer management app and thought it could be useful for Pets & Pals Animal Shelter. The goal is to help animal welfare organizations manage volunteers, fosters, tasks, shifts, events, and follow-up without adding more admin work.

For your team, I think the strongest fit may be: Emphasize foster/volunteer scheduling, onboarding, communication, and keeping small teams coordinated without spreadsheets or message-thread chaos.

Would you be open to a quick 15-minute conversation? I’d love to learn how you currently coordinate volunteers and see whether an early version of the app could help.

Thank you for the work you do for animals in the community.

Best,
Jason",Email first; call after 3-5 business days if no response,Follow up once after 3-5 business days; second follow-up after 10-14 days if strong fit,Nonprofit shelter / humane society,"Volunteer intake, adoption-event staffing, foster coordination, training/credential tracking, and funder/board-ready reports.","Volunteer applications, custom screening questions, adoption-event shifts, attendance, training credentials, and grant-ready reporting.","Lead with Free plan/no credit card; position Starter/Pro only if they need more than 3 opportunities, matching, background checks, or exports.",Volunteer management support for Pets & Pals Animal Shelter,"Subject: Volunteer management support for Pets & Pals Animal Shelter

Hi David,

I’m Jason, the founder of VolunteerReady. I’m reaching out because Pets & Pals Animal Shelter looks like the kind of animal welfare organization we’re building for.

VolunteerReady helps nonprofits recruit, screen, schedule, and manage volunteers from one place — instead of juggling spreadsheets, shared inboxes, sign-up sheets, and group texts. Your nonprofit page pain points line up closely with animal welfare teams: volunteers who sign up and don’t show, screening/documentation requirements, and staff time lost to coordination.

For a nonprofit shelter / humane society, the use case I’d want to explore is: Volunteer applications, custom screening questions, adoption-event shifts, attendance, training credentials, and grant-ready reporting.

There’s a free plan, no credit card required, and I personally help organizations get set up. It includes custom screening forms, shift scheduling, attendance tracking, audit logging, and portable volunteer credentials.

Would you be open to a quick 15-minute call? I’d love to learn how you currently manage volunteers/fosters and see whether VolunteerReady could save your team time.

Thank you for the work you do for animals in the community.

Best,
Jason
https://www.volunteerready.org/for/nonprofits","Hi, this is Jason with VolunteerReady. I’m building a volunteer management platform for nonprofits and animal welfare teams. Who would be the best person to speak with about volunteer, foster, or adoption-event coordination? I’d like to offer a free setup and get feedback from organizations like Pets & Pals Animal Shelter.","Hi — I’m Jason, founder of VolunteerReady. We help nonprofits manage volunteer intake, screening, shifts, attendance, audit-ready records, and credentials. I’m talking with animal welfare organizations to learn how teams like Pets & Pals Animal Shelter coordinate volunteers/fosters. Open to a quick 15-minute chat?"
ready,San Joaquin,Delta Humane Society & SPCA of San Joaquin County,nonprofit shelter/rescue,(209) 466-0339,info@dhsspca.org; Shelter@dhsspca.org,"4590 CA-99, Stockton, CA 95215",https://www.dhsspca.org,General shelter contact,https://www.dhsspca.org/; https://www.dhsspca.org/contact-us,Named contact unknown,High,General shelter contact,"Emphasize foster/volunteer scheduling, onboarding, communication, and keeping small teams coordinated without spreadsheets or message-thread chaos.","Hi there,

I’m reaching out because I’m building a nonprofit volunteer management app and thought it could be useful for Delta Humane Society & SPCA of San Joaquin County. The goal is to help animal welfare organizations manage volunteers, fosters, tasks, shifts, events, and follow-up without adding more admin work.

For your team, I think the strongest fit may be: Emphasize foster/volunteer scheduling, onboarding, communication, and keeping small teams coordinated without spreadsheets or message-thread chaos.

Would you be open to a quick 15-minute conversation? I’d love to learn how you currently coordinate volunteers and see whether an early version of the app could help.

Thank you for the work you do for animals in the community.

Best,
Jason",Email first; call after 3-5 business days if no response,Follow up once after 3-5 business days; second follow-up after 10-14 days if strong fit,Nonprofit shelter / humane society,"Volunteer intake, adoption-event staffing, foster coordination, training/credential tracking, and funder/board-ready reports.","Volunteer applications, custom screening questions, adoption-event shifts, attendance, training credentials, and grant-ready reporting.","Lead with founder-led free setup; mention Pro if they need background checks, CSV exports, ESG/reporting, or unlimited opportunities.",Volunteer management support for Delta Humane Society & SPCA of San Joaquin County,"Subject: Volunteer management support for Delta Humane Society & SPCA of San Joaquin County

Hi there,

I’m Jason, the founder of VolunteerReady. I’m reaching out because Delta Humane Society & SPCA of San Joaquin County looks like the kind of animal welfare organization we’re building for.

VolunteerReady helps nonprofits recruit, screen, schedule, and manage volunteers from one place — instead of juggling spreadsheets, shared inboxes, sign-up sheets, and group texts. Your nonprofit page pain points line up closely with animal welfare teams: volunteers who sign up and don’t show, screening/documentation requirements, and staff time lost to coordination.

For a nonprofit shelter / humane society, the use case I’d want to explore is: Volunteer applications, custom screening questions, adoption-event shifts, attendance, training credentials, and grant-ready reporting.

There’s a free plan, no credit card required, and I personally help organizations get set up. It includes custom screening forms, shift scheduling, attendance tracking, audit logging, and portable volunteer credentials.

Would you be open to a quick 15-minute call? I’d love to learn how you currently manage volunteers/fosters and see whether VolunteerReady could save your team time.

Thank you for the work you do for animals in the community.

Best,
Jason
https://www.volunteerready.org/for/nonprofits","Hi, this is Jason with VolunteerReady. I’m building a volunteer management platform for nonprofits and animal welfare teams. Who would be the best person to speak with about volunteer, foster, or adoption-event coordination? I’d like to offer a free setup and get feedback from organizations like Delta Humane Society & SPCA of San Joaquin County.","Hi — I’m Jason, founder of VolunteerReady. We help nonprofits manage volunteer intake, screening, shifts, attendance, audit-ready records, and credentials. I’m talking with animal welfare organizations to learn how teams like Delta Humane Society & SPCA of San Joaquin County coordinate volunteers/fosters. Open to a quick 15-minute chat?"
ready,San Joaquin,Animal Friends Connection Humane Society,nonprofit rescue/shelter,(209) 365-0535,unknown; contact form on website,"933 S. Cherokee Lane, Lodi, CA 95240",https://animalfriendsconnect.org,General contact; foster/rescue and volunteer forms available,https://animalfriendsconnect.org/contact/; https://animalfriendsconnect.org/foster-and-rescue/,,High,General contact; foster/rescue and volunteer forms available,"Emphasize foster/volunteer scheduling, onboarding, communication, and keeping small teams coordinated without spreadsheets or message-thread chaos.","Hi there,

I’m reaching out because I’m building a nonprofit volunteer management app and thought it could be useful for Animal Friends Connection Humane Society. The goal is to help animal welfare organizations manage volunteers, fosters, tasks, shifts, events, and follow-up without adding more admin work.

For your team, I think the strongest fit may be: Emphasize foster/volunteer scheduling, onboarding, communication, and keeping small teams coordinated without spreadsheets or message-thread chaos.

Would you be open to a quick 15-minute conversation? I’d love to learn how you currently coordinate volunteers and see whether an early version of the app could help.

Thank you for the work you do for animals in the community.

Best,
Jason",Website contact form first; call after 3-5 business days if no response,Follow up once after 3-5 business days; second follow-up after 10-14 days if strong fit,Nonprofit shelter / humane society,"Volunteer intake, adoption-event staffing, foster coordination, training/credential tracking, and funder/board-ready reports.","Volunteer applications, custom screening questions, adoption-event shifts, attendance, training credentials, and grant-ready reporting.","Lead with founder-led free setup; mention Pro if they need background checks, CSV exports, ESG/reporting, or unlimited opportunities.",Volunteer management support for Animal Friends Connection Humane Society,"Subject: Volunteer management support for Animal Friends Connection Humane Society

Hi there,

I’m Jason, the founder of VolunteerReady. I’m reaching out because Animal Friends Connection Humane Society looks like the kind of animal welfare organization we’re building for.

VolunteerReady helps nonprofits recruit, screen, schedule, and manage volunteers from one place — instead of juggling spreadsheets, shared inboxes, sign-up sheets, and group texts. Your nonprofit page pain points line up closely with animal welfare teams: volunteers who sign up and don’t show, screening/documentation requirements, and staff time lost to coordination.

For a nonprofit shelter / humane society, the use case I’d want to explore is: Volunteer applications, custom screening questions, adoption-event shifts, attendance, training credentials, and grant-ready reporting.

There’s a free plan, no credit card required, and I personally help organizations get set up. It includes custom screening forms, shift scheduling, attendance tracking, audit logging, and portable volunteer credentials.

Would you be open to a quick 15-minute call? I’d love to learn how you currently manage volunteers/fosters and see whether VolunteerReady could save your team time.

Thank you for the work you do for animals in the community.

Best,
Jason
https://www.volunteerready.org/for/nonprofits","Hi, this is Jason with VolunteerReady. I’m building a volunteer management platform for nonprofits and animal welfare teams. Who would be the best person to speak with about volunteer, foster, or adoption-event coordination? I’d like to offer a free setup and get feedback from organizations like Animal Friends Connection Humane Society.","Hi — I’m Jason, founder of VolunteerReady. We help nonprofits manage volunteer intake, screening, shifts, attendance, audit-ready records, and credentials. I’m talking with animal welfare organizations to learn how teams like Animal Friends Connection Humane Society coordinate volunteers/fosters. Open to a quick 15-minute chat?"
ready,San Joaquin,Second Chance Kitty,"nonprofit cat rescue, foster-based",unknown,2chancekittys@gmail.com; website contact form,"Lodi, CA 95240; no street address public",https://secondchancekitty.org,General contact form,https://secondchancekitty.org/contact-us/; https://www.adoptapet.com/shelter/93559-second-chance-kitty-lodi-california,Named contact unknown,Medium,General contact form,"Emphasize foster/volunteer scheduling, onboarding, communication, and keeping small teams coordinated without spreadsheets or message-thread chaos.","Hi there,

I’m reaching out because I’m building a nonprofit volunteer management app and thought it could be useful for Second Chance Kitty. The goal is to help animal welfare organizations manage volunteers, fosters, tasks, shifts, events, and follow-up without adding more admin work.

For your team, I think the strongest fit may be: Emphasize foster/volunteer scheduling, onboarding, communication, and keeping small teams coordinated without spreadsheets or message-thread chaos.

Would you be open to a quick 15-minute conversation? I’d love to learn how you currently coordinate volunteers and see whether an early version of the app could help.

Thank you for the work you do for animals in the community.

Best,
Jason",Website contact form first; call after 3-5 business days if no response,Follow up once after 3-5 business days; second follow-up after 10-14 days if strong fit,Cat rescue / foster network,"Foster applications, adoption-event volunteers, transport/TNR helpers, onboarding status, and keeping a distributed volunteer base organized.","Foster/volunteer intake forms, TNR/adoption-event shifts, portable credentials for trained volunteers, and centralized follow-up.","Lead with Free plan/no credit card; position Starter/Pro only if they need more than 3 opportunities, matching, background checks, or exports.",Helping Second Chance Kitty coordinate fosters and adoption volunteers,"Subject: Helping Second Chance Kitty coordinate fosters and adoption volunteers

Hi there,

I’m Jason, the founder of VolunteerReady. I’m reaching out because Second Chance Kitty looks like the kind of animal welfare organization we’re building for.

VolunteerReady helps nonprofits recruit, screen, schedule, and manage volunteers from one place — instead of juggling spreadsheets, shared inboxes, sign-up sheets, and group texts. Your nonprofit page pain points line up closely with animal welfare teams: volunteers who sign up and don’t show, screening/documentation requirements, and staff time lost to coordination.

For a cat rescue / foster network, the use case I’d want to explore is: Foster/volunteer intake forms, TNR/adoption-event shifts, portable credentials for trained volunteers, and centralized follow-up.

There’s a free plan, no credit card required, and I personally help organizations get set up. It includes custom screening forms, shift scheduling, attendance tracking, audit logging, and portable volunteer credentials.

Would you be open to a quick 15-minute call? I’d love to learn how you currently manage volunteers/fosters and see whether VolunteerReady could save your team time.

Thank you for the work you do for animals in the community.

Best,
Jason
https://www.volunteerready.org/for/nonprofits","Hi, this is Jason with VolunteerReady. I’m building a volunteer management platform for nonprofits and animal welfare teams. Who would be the best person to speak with about volunteer, foster, or adoption-event coordination? I’d like to offer a free setup and get feedback from organizations like Second Chance Kitty.","Hi — I’m Jason, founder of VolunteerReady. We help nonprofits manage volunteer intake, screening, shifts, attendance, audit-ready records, and credentials. I’m talking with animal welfare organizations to learn how teams like Second Chance Kitty coordinate volunteers/fosters. Open to a quick 15-minute chat?"
ready,San Joaquin,East of Eden Rescue / East of Eden Canine Rescue,nonprofit companion animal rescue,(209) 815-5186,eoerescue@yahoo.com,"Tracy, CA 95376; mailing address also listed as P.O. Box 236, Pleasanton, CA 94566",https://www.eastofedenrescue.org,Volunteer-run; no paid staff,https://www.adoptapet.com/shelter/70564-east-of-eden-canine-rescue-tracy-california; https://cnsdrive.com/eastofedenrescue/,Official site partially access-blocked; verified via secondary/mirrored sources,High,Volunteer-run; no paid staff,"Emphasize foster/volunteer scheduling, onboarding, communication, and keeping small teams coordinated without spreadsheets or message-thread chaos.","Hi there,

I’m reaching out because I’m building a nonprofit volunteer management app and thought it could be useful for East of Eden Rescue / East of Eden Canine Rescue. The goal is to help animal welfare organizations manage volunteers, fosters, tasks, shifts, events, and follow-up without adding more admin work.

For your team, I think the strongest fit may be: Emphasize foster/volunteer scheduling, onboarding, communication, and keeping small teams coordinated without spreadsheets or message-thread chaos.

Would you be open to a quick 15-minute conversation? I’d love to learn how you currently coordinate volunteers and see whether an early version of the app could help.

Thank you for the work you do for animals in the community.

Best,
Jason",Email first; call after 3-5 business days if no response,Follow up once after 3-5 business days; second follow-up after 10-14 days if strong fit,Dog rescue / foster network,"Foster screening, handler/transport volunteers, event staffing, background-check readiness, and tracking who is cleared for sensitive roles.","Foster and handler screening, role-specific credentials, adoption-event shifts, and background-check readiness for higher-risk roles.","Lead with Free plan/no credit card; position Starter/Pro only if they need more than 3 opportunities, matching, background checks, or exports.",Volunteer/foster coordination idea for East of Eden Rescue / East of Eden Canine Rescue,"Subject: Volunteer/foster coordination idea for East of Eden Rescue / East of Eden Canine Rescue

Hi there,

I’m Jason, the founder of VolunteerReady. I’m reaching out because East of Eden Rescue / East of Eden Canine Rescue looks like the kind of animal welfare organization we’re building for.

VolunteerReady helps nonprofits recruit, screen, schedule, and manage volunteers from one place — instead of juggling spreadsheets, shared inboxes, sign-up sheets, and group texts. Your nonprofit page pain points line up closely with animal welfare teams: volunteers who sign up and don’t show, screening/documentation requirements, and staff time lost to coordination.

For a dog rescue / foster network, the use case I’d want to explore is: Foster and handler screening, role-specific credentials, adoption-event shifts, and background-check readiness for higher-risk roles.

There’s a free plan, no credit card required, and I personally help organizations get set up. It includes custom screening forms, shift scheduling, attendance tracking, audit logging, and portable volunteer credentials.

Would you be open to a quick 15-minute call? I’d love to learn how you currently manage volunteers/fosters and see whether VolunteerReady could save your team time.

Thank you for the work you do for animals in the community.

Best,
Jason
https://www.volunteerready.org/for/nonprofits","Hi, this is Jason with VolunteerReady. I’m building a volunteer management platform for nonprofits and animal welfare teams. Who would be the best person to speak with about volunteer, foster, or adoption-event coordination? I’d like to offer a free setup and get feedback from organizations like East of Eden Rescue / East of Eden Canine Rescue.","Hi — I’m Jason, founder of VolunteerReady. We help nonprofits manage volunteer intake, screening, shifts, attendance, audit-ready records, and credentials. I’m talking with animal welfare organizations to learn how teams like East of Eden Rescue / East of Eden Canine Rescue coordinate volunteers/fosters. Open to a quick 15-minute chat?"
ready,San Joaquin,Harvest Home Animal Sanctuary,nonprofit animal sanctuary/rescue,unknown,info@harvesthomesanctuary.org,"P.O. Box 998, French Camp, CA 95231",https://harvesthomesanctuary.org,General contact,https://harvesthomesanctuary.org/contact-us/,,Medium,General contact,"Emphasize foster/volunteer scheduling, onboarding, communication, and keeping small teams coordinated without spreadsheets or message-thread chaos.","Hi there,

I’m reaching out because I’m building a nonprofit volunteer management app and thought it could be useful for Harvest Home Animal Sanctuary. The goal is to help animal welfare organizations manage volunteers, fosters, tasks, shifts, events, and follow-up without adding more admin work.

For your team, I think the strongest fit may be: Emphasize foster/volunteer scheduling, onboarding, communication, and keeping small teams coordinated without spreadsheets or message-thread chaos.

Would you be open to a quick 15-minute conversation? I’d love to learn how you currently coordinate volunteers and see whether an early version of the app could help.

Thank you for the work you do for animals in the community.

Best,
Jason",Email first; call after 3-5 business days if no response,Follow up once after 3-5 business days; second follow-up after 10-14 days if strong fit,Animal sanctuary,"Recurring chore shifts, volunteer reliability, training requirements, attendance history, and impact reporting for supporters.","Recurring shift scheduling, attendance tracking, onboarding/training credentials, and simple proof of volunteer hours.","Lead with Free plan/no credit card; position Starter/Pro only if they need more than 3 opportunities, matching, background checks, or exports.",Volunteer management support for Harvest Home Animal Sanctuary,"Subject: Volunteer management support for Harvest Home Animal Sanctuary

Hi there,

I’m Jason, the founder of VolunteerReady. I’m reaching out because Harvest Home Animal Sanctuary looks like the kind of animal welfare organization we’re building for.

VolunteerReady helps nonprofits recruit, screen, schedule, and manage volunteers from one place — instead of juggling spreadsheets, shared inboxes, sign-up sheets, and group texts. Your nonprofit page pain points line up closely with animal welfare teams: volunteers who sign up and don’t show, screening/documentation requirements, and staff time lost to coordination.

For a animal sanctuary, the use case I’d want to explore is: Recurring shift scheduling, attendance tracking, onboarding/training credentials, and simple proof of volunteer hours.

There’s a free plan, no credit card required, and I personally help organizations get set up. It includes custom screening forms, shift scheduling, attendance tracking, audit logging, and portable volunteer credentials.

Would you be open to a quick 15-minute call? I’d love to learn how you currently manage volunteers/fosters and see whether VolunteerReady could save your team time.

Thank you for the work you do for animals in the community.

Best,
Jason
https://www.volunteerready.org/for/nonprofits","Hi, this is Jason with VolunteerReady. I’m building a volunteer management platform for nonprofits and animal welfare teams. Who would be the best person to speak with about volunteer, foster, or adoption-event coordination? I’d like to offer a free setup and get feedback from organizations like Harvest Home Animal Sanctuary.","Hi — I’m Jason, founder of VolunteerReady. We help nonprofits manage volunteer intake, screening, shifts, attendance, audit-ready records, and credentials. I’m talking with animal welfare organizations to learn how teams like Harvest Home Animal Sanctuary coordinate volunteers/fosters. Open to a quick 15-minute chat?"
skip_no_email,San Joaquin,Animal Protection League / City of Stockton Animal Services partner,nonprofit animal welfare/rescue-support organization,(209) 949-2100 admin; (209) 420-4776 clinic/vet,unknown,unknown,http://www.apl209.org,General contact,https://communityconnectionssjc.org/programs/details/animal-protection-league-city-of-stockton-animal-services/,Official site access-blocked; directory source used,Medium,General contact,"Emphasize foster/volunteer scheduling, onboarding, communication, and keeping small teams coordinated without spreadsheets or message-thread chaos.","Hi there,

I’m reaching out because I’m building a nonprofit volunteer management app and thought it could be useful for Animal Protection League / City of Stockton Animal Services partner. The goal is to help animal welfare organizations manage volunteers, fosters, tasks, shifts, events, and follow-up without adding more admin work.

For your team, I think the strongest fit may be: Emphasize foster/volunteer scheduling, onboarding, communication, and keeping small teams coordinated without spreadsheets or message-thread chaos.

Would you be open to a quick 15-minute conversation? I’d love to learn how you currently coordinate volunteers and see whether an early version of the app could help.

Thank you for the work you do for animals in the community.

Best,
Jason",Phone first; ask for volunteer/foster/rescue coordinator email,Follow up once after 3-5 business days; second follow-up after 10-14 days if strong fit,Shelter support / TNR / community animal welfare,"TNR/community volunteers, transport, shelter support tasks, event staffing, and keeping records out of spreadsheets.","Structured volunteer signups, role-specific screening, event/task shifts, attendance logs, and portable credentials.","Lead with Free plan/no credit card; position Starter/Pro only if they need more than 3 opportunities, matching, background checks, or exports.",Volunteer management support for Animal Protection League / City of Stockton Animal Services partner,"Subject: Volunteer management support for Animal Protection League / City of Stockton Animal Services partner

Hi there,

I’m Jason, the founder of VolunteerReady. I’m reaching out because Animal Protection League / City of Stockton Animal Services partner looks like the kind of animal welfare organization we’re building for.

VolunteerReady helps nonprofits recruit, screen, schedule, and manage volunteers from one place — instead of juggling spreadsheets, shared inboxes, sign-up sheets, and group texts. Your nonprofit page pain points line up closely with animal welfare teams: volunteers who sign up and don’t show, screening/documentation requirements, and staff time lost to coordination.

For a shelter support / tnr / community animal welfare, the use case I’d want to explore is: Structured volunteer signups, role-specific screening, event/task shifts, attendance logs, and portable credentials.

There’s a free plan, no credit card required, and I personally help organizations get set up. It includes custom screening forms, shift scheduling, attendance tracking, audit logging, and portable volunteer credentials.

Would you be open to a quick 15-minute call? I’d love to learn how you currently manage volunteers/fosters and see whether VolunteerReady could save your team time.

Thank you for the work you do for animals in the community.

Best,
Jason
https://www.volunteerready.org/for/nonprofits","Hi, this is Jason with VolunteerReady. I’m building a volunteer management platform for nonprofits and animal welfare teams. Who would be the best person to speak with about volunteer, foster, or adoption-event coordination? I’d like to offer a free setup and get feedback from organizations like Animal Protection League / City of Stockton Animal Services partner.","Hi — I’m Jason, founder of VolunteerReady. We help nonprofits manage volunteer intake, screening, shifts, attendance, audit-ready records, and credentials. I’m talking with animal welfare organizations to learn how teams like Animal Protection League / City of Stockton Animal Services partner coordinate volunteers/fosters. Open to a quick 15-minute chat?"
ready,Sacramento,Sacramento County Bradshaw Animal Shelter / Animal Care Services,municipal/county shelter,(916) 368-7387; live operator 311 or (916) 875-4311,CountyAnimalCare@SacCounty.gov; foster@saccounty.gov; rescue@saccounty.gov,"3839 Bradshaw Road, Sacramento, CA 95827",https://animalcare.saccounty.gov/,"Annette Bedsworth, Shelter Director, (916) 875-5051; Jason Smith, Shelter Assistant Director, (916) 875-2954; Foster Team; Rescue Team",https://animalcare.saccounty.gov/us/en/contact-us.html,,High,"Annette Bedsworth, Shelter Director, (916) 875-5051; Jason Smith, Shelter Assistant Director, (916) 875-2954; Foster Team; Rescue Team","Position the app as a way to reduce staff admin time by organizing volunteers, fosters, event help, transport, and rescue-partner coordination in one place.","Hi Annette,

I’m reaching out because I’m building a nonprofit volunteer management app and thought it could be useful for Sacramento County Bradshaw Animal Shelter / Animal Care Services. The goal is to help animal welfare organizations manage volunteers, fosters, tasks, shifts, events, and follow-up without adding more admin work.

For your team, I think the strongest fit may be: Position the app as a way to reduce staff admin time by organizing volunteers, fosters, event help, transport, and rescue-partner coordination in one place.

Would you be open to a quick 15-minute conversation? I’d love to learn how you currently coordinate volunteers and see whether an early version of the app could help.

Thank you for the work you do for animals in the community.

Best,
Jason",Email first; call after 3-5 business days if no response,Follow up once after 3-5 business days; second follow-up after 10-14 days if strong fit,Municipal/county shelter,"High-volume volunteer, foster, rescue-partner coordination, applications buried in inboxes, shift scheduling, documentation, and background-check tracking.","Application queue, auto-scored screening, foster/rescue-team workflows, shift capacity, attendance, audit logs, and Pro background-check/export features.","Lead with founder-led free setup; mention Pro if they need background checks, CSV exports, ESG/reporting, or unlimited opportunities.",Quick idea to reduce volunteer intake/admin time at Sacramento County Bradshaw Animal Shelter / Animal Care Services,"Subject: Quick idea to reduce volunteer intake/admin time at Sacramento County Bradshaw Animal Shelter / Animal Care Services

Hi Annette,

I’m Jason, the founder of VolunteerReady. I’m reaching out because Sacramento County Bradshaw Animal Shelter / Animal Care Services looks like the kind of animal welfare organization we’re building for.

VolunteerReady helps nonprofits recruit, screen, schedule, and manage volunteers from one place — instead of juggling spreadsheets, shared inboxes, sign-up sheets, and group texts. Your nonprofit page pain points line up closely with animal welfare teams: volunteers who sign up and don’t show, screening/documentation requirements, and staff time lost to coordination.

For a municipal/county shelter, the use case I’d want to explore is: Application queue, auto-scored screening, foster/rescue-team workflows, shift capacity, attendance, audit logs, and Pro background-check/export features.

There’s a free plan, no credit card required, and I personally help organizations get set up. It includes custom screening forms, shift scheduling, attendance tracking, audit logging, and portable volunteer credentials.

Would you be open to a quick 15-minute call? I’d love to learn how you currently manage volunteers/fosters and see whether VolunteerReady could save your team time.

Thank you for the work you do for animals in the community.

Best,
Jason
https://www.volunteerready.org/for/nonprofits","Hi, this is Jason with VolunteerReady. I’m building a volunteer management platform for nonprofits and animal welfare teams. Who would be the best person to speak with about volunteer, foster, or adoption-event coordination? I’d like to offer a free setup and get feedback from organizations like Sacramento County Bradshaw Animal Shelter / Animal Care Services.","Hi — I’m Jason, founder of VolunteerReady. We help nonprofits manage volunteer intake, screening, shifts, attendance, audit-ready records, and credentials. I’m talking with animal welfare organizations to learn how teams like Sacramento County Bradshaw Animal Shelter / Animal Care Services coordinate volunteers/fosters. Open to a quick 15-minute chat?"
phone_first,Sacramento,Front Street Animal Shelter / City of Sacramento Animal Care Services,municipal shelter,311 within Sacramento city limits; (916) 808-7387; outside city limits (916) 808-5011,via City of Sacramento 311 Call Center; direct public email unknown,"2127 Front Street, Sacramento, CA 95818",https://www.cityofsacramento.gov/community-development/animal-care,General contact through 311 Call Center,https://www.cityofsacramento.gov/community-development/animal-care/contact-us,,High,General contact through 311 Call Center,"Position the app as a way to reduce staff admin time by organizing volunteers, fosters, event help, transport, and rescue-partner coordination in one place.","Hi there,

I’m reaching out because I’m building a nonprofit volunteer management app and thought it could be useful for Front Street Animal Shelter / City of Sacramento Animal Care Services. The goal is to help animal welfare organizations manage volunteers, fosters, tasks, shifts, events, and follow-up without adding more admin work.

For your team, I think the strongest fit may be: Position the app as a way to reduce staff admin time by organizing volunteers, fosters, event help, transport, and rescue-partner coordination in one place.

Would you be open to a quick 15-minute conversation? I’d love to learn how you currently coordinate volunteers and see whether an early version of the app could help.

Thank you for the work you do for animals in the community.

Best,
Jason",Phone first; ask for volunteer/foster/rescue coordinator email,Follow up once after 3-5 business days; second follow-up after 10-14 days if strong fit,Municipal/county shelter,"High-volume volunteer, foster, rescue-partner coordination, applications buried in inboxes, shift scheduling, documentation, and background-check tracking.","Application queue, auto-scored screening, foster/rescue-team workflows, shift capacity, attendance, audit logs, and Pro background-check/export features.","Lead with founder-led free setup; mention Pro if they need background checks, CSV exports, ESG/reporting, or unlimited opportunities.",Quick idea to reduce volunteer intake/admin time at Front Street Animal Shelter / City of Sacramento Animal Care Services,"Subject: Quick idea to reduce volunteer intake/admin time at Front Street Animal Shelter / City of Sacramento Animal Care Services

Hi there,

I’m Jason, the founder of VolunteerReady. I’m reaching out because Front Street Animal Shelter / City of Sacramento Animal Care Services looks like the kind of animal welfare organization we’re building for.

VolunteerReady helps nonprofits recruit, screen, schedule, and manage volunteers from one place — instead of juggling spreadsheets, shared inboxes, sign-up sheets, and group texts. Your nonprofit page pain points line up closely with animal welfare teams: volunteers who sign up and don’t show, screening/documentation requirements, and staff time lost to coordination.

For a municipal/county shelter, the use case I’d want to explore is: Application queue, auto-scored screening, foster/rescue-team workflows, shift capacity, attendance, audit logs, and Pro background-check/export features.

There’s a free plan, no credit card required, and I personally help organizations get set up. It includes custom screening forms, shift scheduling, attendance tracking, audit logging, and portable volunteer credentials.

Would you be open to a quick 15-minute call? I’d love to learn how you currently manage volunteers/fosters and see whether VolunteerReady could save your team time.

Thank you for the work you do for animals in the community.

Best,
Jason
https://www.volunteerready.org/for/nonprofits","Hi, this is Jason with VolunteerReady. I’m building a volunteer management platform for nonprofits and animal welfare teams. Who would be the best person to speak with about volunteer, foster, or adoption-event coordination? I’d like to offer a free setup and get feedback from organizations like Front Street Animal Shelter / City of Sacramento Animal Care Services.","Hi — I’m Jason, founder of VolunteerReady. We help nonprofits manage volunteer intake, screening, shifts, attendance, audit-ready records, and credentials. I’m talking with animal welfare organizations to learn how teams like Front Street Animal Shelter / City of Sacramento Animal Care Services coordinate volunteers/fosters. Open to a quick 15-minute chat?"
ready,Sacramento,Sacramento SPCA,nonprofit shelter/rescue,Main: (916) 383-7387; Volunteer Supervisor: (916) 504-2807; Adoptions: (916) 504-2854; Intake: (916) 504-2851,online contact form; staff emails public,"6201 Florin Perkins Road, Sacramento, CA 95828",https://www.sspca.org/,"Jennifer Brent, CEO, jbrent@sspca.org, (916) 504-2806; Rayla Maier, Volunteer Senior Manager, rmaier@sspca.org, (916) 504-2807; Lisa Shemenski, Adoptions Manager, lshemenski@sspca.org, (916) 504-2859",https://www.sspca.org/contact-us; https://www.sspca.org/staff,,High,"Jennifer Brent, CEO, jbrent@sspca.org, (916) 504-2806; Rayla Maier, Volunteer Senior Manager, rmaier@sspca.org, (916) 504-2807; Lisa Shemenski, Adoptions Manager, lshemenski@sspca.org, (916) 504-2859","Emphasize foster/volunteer scheduling, onboarding, communication, and keeping small teams coordinated without spreadsheets or message-thread chaos.","Hi Jennifer,

I’m reaching out because I’m building a nonprofit volunteer management app and thought it could be useful for Sacramento SPCA. The goal is to help animal welfare organizations manage volunteers, fosters, tasks, shifts, events, and follow-up without adding more admin work.

For your team, I think the strongest fit may be: Emphasize foster/volunteer scheduling, onboarding, communication, and keeping small teams coordinated without spreadsheets or message-thread chaos.

Would you be open to a quick 15-minute conversation? I’d love to learn how you currently coordinate volunteers and see whether an early version of the app could help.

Thank you for the work you do for animals in the community.

Best,
Jason",Website contact form first; call after 3-5 business days if no response,Follow up once after 3-5 business days; second follow-up after 10-14 days if strong fit,Nonprofit shelter / humane society,"Volunteer intake, adoption-event staffing, foster coordination, training/credential tracking, and funder/board-ready reports.","Volunteer applications, custom screening questions, adoption-event shifts, attendance, training credentials, and grant-ready reporting.","Lead with founder-led free setup; mention Pro if they need background checks, CSV exports, ESG/reporting, or unlimited opportunities.",Volunteer management support for Sacramento SPCA,"Subject: Volunteer management support for Sacramento SPCA

Hi Jennifer,

I’m Jason, the founder of VolunteerReady. I’m reaching out because Sacramento SPCA looks like the kind of animal welfare organization we’re building for.

VolunteerReady helps nonprofits recruit, screen, schedule, and manage volunteers from one place — instead of juggling spreadsheets, shared inboxes, sign-up sheets, and group texts. Your nonprofit page pain points line up closely with animal welfare teams: volunteers who sign up and don’t show, screening/documentation requirements, and staff time lost to coordination.

For a nonprofit shelter / humane society, the use case I’d want to explore is: Volunteer applications, custom screening questions, adoption-event shifts, attendance, training credentials, and grant-ready reporting.

There’s a free plan, no credit card required, and I personally help organizations get set up. It includes custom screening forms, shift scheduling, attendance tracking, audit logging, and portable volunteer credentials.

Would you be open to a quick 15-minute call? I’d love to learn how you currently manage volunteers/fosters and see whether VolunteerReady could save your team time.

Thank you for the work you do for animals in the community.

Best,
Jason
https://www.volunteerready.org/for/nonprofits","Hi, this is Jason with VolunteerReady. I’m building a volunteer management platform for nonprofits and animal welfare teams. Who would be the best person to speak with about volunteer, foster, or adoption-event coordination? I’d like to offer a free setup and get feedback from organizations like Sacramento SPCA.","Hi — I’m Jason, founder of VolunteerReady. We help nonprofits manage volunteer intake, screening, shifts, attendance, audit-ready records, and credentials. I’m talking with animal welfare organizations to learn how teams like Sacramento SPCA coordinate volunteers/fosters. Open to a quick 15-minute chat?"
ready,Sacramento,Happy Tails Pet Sanctuary,nonprofit rescue/sanctuary,(916) 497-8989,purrball@happytails.org,"Adoption Center: 6001 Folsom Blvd., Sacramento, CA 95819",https://www.happytails.org/,"Cid Van Koersel, Volunteer Coordinator; Ana Cotham, E-mail Responses; Aria Galletti, Adoption Follow-Up; Kevin Ward, Media/Public Relations",https://www.happytails.org/contact-us,,High,"Cid Van Koersel, Volunteer Coordinator; Ana Cotham, E-mail Responses; Aria Galletti, Adoption Follow-Up; Kevin Ward, Media/Public Relations","Emphasize foster/volunteer scheduling, onboarding, communication, and keeping small teams coordinated without spreadsheets or message-thread chaos.","Hi Cid,

I’m reaching out because I’m building a nonprofit volunteer management app and thought it could be useful for Happy Tails Pet Sanctuary. The goal is to help animal welfare organizations manage volunteers, fosters, tasks, shifts, events, and follow-up without adding more admin work.

For your team, I think the strongest fit may be: Emphasize foster/volunteer scheduling, onboarding, communication, and keeping small teams coordinated without spreadsheets or message-thread chaos.

Would you be open to a quick 15-minute conversation? I’d love to learn how you currently coordinate volunteers and see whether an early version of the app could help.

Thank you for the work you do for animals in the community.

Best,
Jason",Email first; call after 3-5 business days if no response,Follow up once after 3-5 business days; second follow-up after 10-14 days if strong fit,Animal sanctuary,"Recurring chore shifts, volunteer reliability, training requirements, attendance history, and impact reporting for supporters.","Recurring shift scheduling, attendance tracking, onboarding/training credentials, and simple proof of volunteer hours.","Lead with Free plan/no credit card; position Starter/Pro only if they need more than 3 opportunities, matching, background checks, or exports.",Volunteer management support for Happy Tails Pet Sanctuary,"Subject: Volunteer management support for Happy Tails Pet Sanctuary

Hi there,

I’m Jason, the founder of VolunteerReady. I’m reaching out because Happy Tails Pet Sanctuary looks like the kind of animal welfare organization we’re building for.

VolunteerReady helps nonprofits recruit, screen, schedule, and manage volunteers from one place — instead of juggling spreadsheets, shared inboxes, sign-up sheets, and group texts. Your nonprofit page pain points line up closely with animal welfare teams: volunteers who sign up and don’t show, screening/documentation requirements, and staff time lost to coordination.

For a animal sanctuary, the use case I’d want to explore is: Recurring shift scheduling, attendance tracking, onboarding/training credentials, and simple proof of volunteer hours.

There’s a free plan, no credit card required, and I personally help organizations get set up. It includes custom screening forms, shift scheduling, attendance tracking, audit logging, and portable volunteer credentials.

Would you be open to a quick 15-minute call? I’d love to learn how you currently manage volunteers/fosters and see whether VolunteerReady could save your team time.

Thank you for the work you do for animals in the community.

Best,
Jason
https://www.volunteerready.org/for/nonprofits","Hi, this is Jason with VolunteerReady. I’m building a volunteer management platform for nonprofits and animal welfare teams. Who would be the best person to speak with about volunteer, foster, or adoption-event coordination? I’d like to offer a free setup and get feedback from organizations like Happy Tails Pet Sanctuary.","Hi — I’m Jason, founder of VolunteerReady. We help nonprofits manage volunteer intake, screening, shifts, attendance, audit-ready records, and credentials. I’m talking with animal welfare organizations to learn how teams like Happy Tails Pet Sanctuary coordinate volunteers/fosters. Open to a quick 15-minute chat?"
phone_first,Sacramento,Cats About Town Society,nonprofit rescue,(916) 224-1117,suna@catsabouttown.org found on site event/contact text; general email otherwise unknown,"P.O. Box 341013, Sacramento, CA 95834-8913",https://catsabouttown.org/,unknown,https://catsabouttown.org/category/featured/,,Medium,"Founder/director, foster coordinator, volunteer coordinator, or adoption coordinator","Emphasize foster/volunteer scheduling, onboarding, communication, and keeping small teams coordinated without spreadsheets or message-thread chaos.","Hi there,

I’m reaching out because I’m building a nonprofit volunteer management app and thought it could be useful for Cats About Town Society. The goal is to help animal welfare organizations manage volunteers, fosters, tasks, shifts, events, and follow-up without adding more admin work.

For your team, I think the strongest fit may be: Emphasize foster/volunteer scheduling, onboarding, communication, and keeping small teams coordinated without spreadsheets or message-thread chaos.

Would you be open to a quick 15-minute conversation? I’d love to learn how you currently coordinate volunteers and see whether an early version of the app could help.

Thank you for the work you do for animals in the community.

Best,
Jason",Phone first; ask for volunteer/foster/rescue coordinator email,Follow up once after 3-5 business days; second follow-up after 10-14 days if strong fit,Cat rescue / foster network,"Foster applications, adoption-event volunteers, transport/TNR helpers, onboarding status, and keeping a distributed volunteer base organized.","Foster/volunteer intake forms, TNR/adoption-event shifts, portable credentials for trained volunteers, and centralized follow-up.","Lead with Free plan/no credit card; position Starter/Pro only if they need more than 3 opportunities, matching, background checks, or exports.",Helping Cats About Town Society coordinate fosters and adoption volunteers,"Subject: Helping Cats About Town Society coordinate fosters and adoption volunteers

Hi there,

I’m Jason, the founder of VolunteerReady. I’m reaching out because Cats About Town Society looks like the kind of animal welfare organization we’re building for.

VolunteerReady helps nonprofits recruit, screen, schedule, and manage volunteers from one place — instead of juggling spreadsheets, shared inboxes, sign-up sheets, and group texts. Your nonprofit page pain points line up closely with animal welfare teams: volunteers who sign up and don’t show, screening/documentation requirements, and staff time lost to coordination.

For a cat rescue / foster network, the use case I’d want to explore is: Foster/volunteer intake forms, TNR/adoption-event shifts, portable credentials for trained volunteers, and centralized follow-up.

There’s a free plan, no credit card required, and I personally help organizations get set up. It includes custom screening forms, shift scheduling, attendance tracking, audit logging, and portable volunteer credentials.

Would you be open to a quick 15-minute call? I’d love to learn how you currently manage volunteers/fosters and see whether VolunteerReady could save your team time.

Thank you for the work you do for animals in the community.

Best,
Jason
https://www.volunteerready.org/for/nonprofits","Hi, this is Jason with VolunteerReady. I’m building a volunteer management platform for nonprofits and animal welfare teams. Who would be the best person to speak with about volunteer, foster, or adoption-event coordination? I’d like to offer a free setup and get feedback from organizations like Cats About Town Society.","Hi — I’m Jason, founder of VolunteerReady. We help nonprofits manage volunteer intake, screening, shifts, attendance, audit-ready records, and credentials. I’m talking with animal welfare organizations to learn how teams like Cats About Town Society coordinate volunteers/fosters. Open to a quick 15-minute chat?"
ready,Sacramento,LapCats,nonprofit foster-based cat rescue,unknown,info@lapcats.org,"8359 Elk Grove Florin Rd. #103-308, Sacramento, CA 95829",https://www.lapcats.org/,"Barbara, founder; Leslie, board secretary; Glen, board member",https://www.lapcats.org/contact; https://www.lapcats.org/our-team,Not a public surrender shelter,Medium,"Barbara, founder; Leslie, board secretary; Glen, board member","Emphasize foster/volunteer scheduling, onboarding, communication, and keeping small teams coordinated without spreadsheets or message-thread chaos.","Hi Barbara,

I’m reaching out because I’m building a nonprofit volunteer management app and thought it could be useful for LapCats. The goal is to help animal welfare organizations manage volunteers, fosters, tasks, shifts, events, and follow-up without adding more admin work.

For your team, I think the strongest fit may be: Emphasize foster/volunteer scheduling, onboarding, communication, and keeping small teams coordinated without spreadsheets or message-thread chaos.

Would you be open to a quick 15-minute conversation? I’d love to learn how you currently coordinate volunteers and see whether an early version of the app could help.

Thank you for the work you do for animals in the community.

Best,
Jason",Email first; call after 3-5 business days if no response,Follow up once after 3-5 business days; second follow-up after 10-14 days if strong fit,Cat rescue / foster network,"Foster applications, adoption-event volunteers, transport/TNR helpers, onboarding status, and keeping a distributed volunteer base organized.","Foster/volunteer intake forms, TNR/adoption-event shifts, portable credentials for trained volunteers, and centralized follow-up.","Lead with Free plan/no credit card; position Starter/Pro only if they need more than 3 opportunities, matching, background checks, or exports.",Helping LapCats coordinate fosters and adoption volunteers,"Subject: Helping LapCats coordinate fosters and adoption volunteers

Hi Barbara,

I’m Jason, the founder of VolunteerReady. I’m reaching out because LapCats looks like the kind of animal welfare organization we’re building for.

VolunteerReady helps nonprofits recruit, screen, schedule, and manage volunteers from one place — instead of juggling spreadsheets, shared inboxes, sign-up sheets, and group texts. Your nonprofit page pain points line up closely with animal welfare teams: volunteers who sign up and don’t show, screening/documentation requirements, and staff time lost to coordination.

For a cat rescue / foster network, the use case I’d want to explore is: Foster/volunteer intake forms, TNR/adoption-event shifts, portable credentials for trained volunteers, and centralized follow-up.

There’s a free plan, no credit card required, and I personally help organizations get set up. It includes custom screening forms, shift scheduling, attendance tracking, audit logging, and portable volunteer credentials.

Would you be open to a quick 15-minute call? I’d love to learn how you currently manage volunteers/fosters and see whether VolunteerReady could save your team time.

Thank you for the work you do for animals in the community.

Best,
Jason
https://www.volunteerready.org/for/nonprofits","Hi, this is Jason with VolunteerReady. I’m building a volunteer management platform for nonprofits and animal welfare teams. Who would be the best person to speak with about volunteer, foster, or adoption-event coordination? I’d like to offer a free setup and get feedback from organizations like LapCats.","Hi — I’m Jason, founder of VolunteerReady. We help nonprofits manage volunteer intake, screening, shifts, attendance, audit-ready records, and credentials. I’m talking with animal welfare organizations to learn how teams like LapCats coordinate volunteers/fosters. Open to a quick 15-minute chat?"
ready,Sacramento,Chako Pit Bull Rescue,nonprofit dog rescue,Main: (916) 534-8608; Adoptions: (916) 432-3678; Fax: (866) 609-3632,dogs@chako.org; adoptions@chako.org; development@chako.org; events@chako.org; foster@chako.org; volunteer@chako.org,"PO Box 348643, Sacramento, CA 95834",https://www.chako.org/,Adoptions Coordinator; Development Coordinator; Events Coordinator; Foster Coordinator; Volunteer Coordinator,https://www.chako.org/contact.html,Role-based contacts; names not public on contact page,High,Adoptions Coordinator; Development Coordinator; Events Coordinator; Foster Coordinator; Volunteer Coordinator,"Emphasize foster/volunteer scheduling, onboarding, communication, and keeping small teams coordinated without spreadsheets or message-thread chaos.","Hi Adoptions,

I’m reaching out because I’m building a nonprofit volunteer management app and thought it could be useful for Chako Pit Bull Rescue. The goal is to help animal welfare organizations manage volunteers, fosters, tasks, shifts, events, and follow-up without adding more admin work.

For your team, I think the strongest fit may be: Emphasize foster/volunteer scheduling, onboarding, communication, and keeping small teams coordinated without spreadsheets or message-thread chaos.

Would you be open to a quick 15-minute conversation? I’d love to learn how you currently coordinate volunteers and see whether an early version of the app could help.

Thank you for the work you do for animals in the community.

Best,
Jason",Email first; call after 3-5 business days if no response,Follow up once after 3-5 business days; second follow-up after 10-14 days if strong fit,Dog rescue / foster network,"Foster screening, handler/transport volunteers, event staffing, background-check readiness, and tracking who is cleared for sensitive roles.","Foster and handler screening, role-specific credentials, adoption-event shifts, and background-check readiness for higher-risk roles.","Lead with Free plan/no credit card; position Starter/Pro only if they need more than 3 opportunities, matching, background checks, or exports.",Volunteer/foster coordination idea for Chako Pit Bull Rescue,"Subject: Volunteer/foster coordination idea for Chako Pit Bull Rescue

Hi there,

I’m Jason, the founder of VolunteerReady. I’m reaching out because Chako Pit Bull Rescue looks like the kind of animal welfare organization we’re building for.

VolunteerReady helps nonprofits recruit, screen, schedule, and manage volunteers from one place — instead of juggling spreadsheets, shared inboxes, sign-up sheets, and group texts. Your nonprofit page pain points line up closely with animal welfare teams: volunteers who sign up and don’t show, screening/documentation requirements, and staff time lost to coordination.

For a dog rescue / foster network, the use case I’d want to explore is: Foster and handler screening, role-specific credentials, adoption-event shifts, and background-check readiness for higher-risk roles.

There’s a free plan, no credit card required, and I personally help organizations get set up. It includes custom screening forms, shift scheduling, attendance tracking, audit logging, and portable volunteer credentials.

Would you be open to a quick 15-minute call? I’d love to learn how you currently manage volunteers/fosters and see whether VolunteerReady could save your team time.

Thank you for the work you do for animals in the community.

Best,
Jason
https://www.volunteerready.org/for/nonprofits","Hi, this is Jason with VolunteerReady. I’m building a volunteer management platform for nonprofits and animal welfare teams. Who would be the best person to speak with about volunteer, foster, or adoption-event coordination? I’d like to offer a free setup and get feedback from organizations like Chako Pit Bull Rescue.","Hi — I’m Jason, founder of VolunteerReady. We help nonprofits manage volunteer intake, screening, shifts, attendance, audit-ready records, and credentials. I’m talking with animal welfare organizations to learn how teams like Chako Pit Bull Rescue coordinate volunteers/fosters. Open to a quick 15-minute chat?"
ready,Sacramento,NorCal Bully Breed Rescue,nonprofit rescue,unknown,norcalbullybreedrescue@gmail.com,"Serving Sacramento, CA & surrounding areas; physical/mailing address unknown",https://www.norcalbullybreedrescue.org/,unknown,https://www.norcalbullybreedrescue.org/,,Medium,"Founder/director, foster coordinator, volunteer coordinator, or adoption coordinator","Emphasize foster/volunteer scheduling, onboarding, communication, and keeping small teams coordinated without spreadsheets or message-thread chaos.","Hi there,

I’m reaching out because I’m building a nonprofit volunteer management app and thought it could be useful for NorCal Bully Breed Rescue. The goal is to help animal welfare organizations manage volunteers, fosters, tasks, shifts, events, and follow-up without adding more admin work.

For your team, I think the strongest fit may be: Emphasize foster/volunteer scheduling, onboarding, communication, and keeping small teams coordinated without spreadsheets or message-thread chaos.

Would you be open to a quick 15-minute conversation? I’d love to learn how you currently coordinate volunteers and see whether an early version of the app could help.

Thank you for the work you do for animals in the community.

Best,
Jason",Email first; call after 3-5 business days if no response,Follow up once after 3-5 business days; second follow-up after 10-14 days if strong fit,Dog rescue / foster network,"Foster screening, handler/transport volunteers, event staffing, background-check readiness, and tracking who is cleared for sensitive roles.","Foster and handler screening, role-specific credentials, adoption-event shifts, and background-check readiness for higher-risk roles.","Lead with Free plan/no credit card; position Starter/Pro only if they need more than 3 opportunities, matching, background checks, or exports.",Volunteer/foster coordination idea for NorCal Bully Breed Rescue,"Subject: Volunteer/foster coordination idea for NorCal Bully Breed Rescue

Hi there,

I’m Jason, the founder of VolunteerReady. I’m reaching out because NorCal Bully Breed Rescue looks like the kind of animal welfare organization we’re building for.

VolunteerReady helps nonprofits recruit, screen, schedule, and manage volunteers from one place — instead of juggling spreadsheets, shared inboxes, sign-up sheets, and group texts. Your nonprofit page pain points line up closely with animal welfare teams: volunteers who sign up and don’t show, screening/documentation requirements, and staff time lost to coordination.

For a dog rescue / foster network, the use case I’d want to explore is: Foster and handler screening, role-specific credentials, adoption-event shifts, and background-check readiness for higher-risk roles.

There’s a free plan, no credit card required, and I personally help organizations get set up. It includes custom screening forms, shift scheduling, attendance tracking, audit logging, and portable volunteer credentials.

Would you be open to a quick 15-minute call? I’d love to learn how you currently manage volunteers/fosters and see whether VolunteerReady could save your team time.

Thank you for the work you do for animals in the community.

Best,
Jason
https://www.volunteerready.org/for/nonprofits","Hi, this is Jason with VolunteerReady. I’m building a volunteer management platform for nonprofits and animal welfare teams. Who would be the best person to speak with about volunteer, foster, or adoption-event coordination? I’d like to offer a free setup and get feedback from organizations like NorCal Bully Breed Rescue.","Hi — I’m Jason, founder of VolunteerReady. We help nonprofits manage volunteer intake, screening, shifts, attendance, audit-ready records, and credentials. I’m talking with animal welfare organizations to learn how teams like NorCal Bully Breed Rescue coordinate volunteers/fosters. Open to a quick 15-minute chat?"
ready,Sacramento,Itsie Bitsie Rescue,nonprofit kitten/cat rescue,(916) 705-6884,info@itsiebitsierescue.org,"Mail: PO Box 1989, Orangevale, CA 95662; adoption location: PetSmart Adoption Center, 10363 Fairway Dr, Roseville, CA 95678",https://itsiebitsierescue.org/,unknown,https://itsiebitsierescue.org/contact-us/,,Medium,"Founder/director, foster coordinator, volunteer coordinator, or adoption coordinator","Emphasize foster/volunteer scheduling, onboarding, communication, and keeping small teams coordinated without spreadsheets or message-thread chaos.","Hi there,

I’m reaching out because I’m building a nonprofit volunteer management app and thought it could be useful for Itsie Bitsie Rescue. The goal is to help animal welfare organizations manage volunteers, fosters, tasks, shifts, events, and follow-up without adding more admin work.

For your team, I think the strongest fit may be: Emphasize foster/volunteer scheduling, onboarding, communication, and keeping small teams coordinated without spreadsheets or message-thread chaos.

Would you be open to a quick 15-minute conversation? I’d love to learn how you currently coordinate volunteers and see whether an early version of the app could help.

Thank you for the work you do for animals in the community.

Best,
Jason",Email first; call after 3-5 business days if no response,Follow up once after 3-5 business days; second follow-up after 10-14 days if strong fit,Cat rescue / foster network,"Foster applications, adoption-event volunteers, transport/TNR helpers, onboarding status, and keeping a distributed volunteer base organized.","Foster/volunteer intake forms, TNR/adoption-event shifts, portable credentials for trained volunteers, and centralized follow-up.","Lead with Free plan/no credit card; position Starter/Pro only if they need more than 3 opportunities, matching, background checks, or exports.",Helping Itsie Bitsie Rescue coordinate fosters and adoption volunteers,"Subject: Helping Itsie Bitsie Rescue coordinate fosters and adoption volunteers

Hi there,

I’m Jason, the founder of VolunteerReady. I’m reaching out because Itsie Bitsie Rescue looks like the kind of animal welfare organization we’re building for.

VolunteerReady helps nonprofits recruit, screen, schedule, and manage volunteers from one place — instead of juggling spreadsheets, shared inboxes, sign-up sheets, and group texts. Your nonprofit page pain points line up closely with animal welfare teams: volunteers who sign up and don’t show, screening/documentation requirements, and staff time lost to coordination.

For a cat rescue / foster network, the use case I’d want to explore is: Foster/volunteer intake forms, TNR/adoption-event shifts, portable credentials for trained volunteers, and centralized follow-up.

There’s a free plan, no credit card required, and I personally help organizations get set up. It includes custom screening forms, shift scheduling, attendance tracking, audit logging, and portable volunteer credentials.

Would you be open to a quick 15-minute call? I’d love to learn how you currently manage volunteers/fosters and see whether VolunteerReady could save your team time.

Thank you for the work you do for animals in the community.

Best,
Jason
https://www.volunteerready.org/for/nonprofits","Hi, this is Jason with VolunteerReady. I’m building a volunteer management platform for nonprofits and animal welfare teams. Who would be the best person to speak with about volunteer, foster, or adoption-event coordination? I’d like to offer a free setup and get feedback from organizations like Itsie Bitsie Rescue.","Hi — I’m Jason, founder of VolunteerReady. We help nonprofits manage volunteer intake, screening, shifts, attendance, audit-ready records, and credentials. I’m talking with animal welfare organizations to learn how teams like Itsie Bitsie Rescue coordinate volunteers/fosters. Open to a quick 15-minute chat?"
